Country Olympic ID,Number of Medals,Olympics Date,Country,Olympic Games ID
0,5,1896-06-29 00:00:00,HUN,0
1,44,1896-06-29 00:00:00,GRE,0
2,13,1896-06-29 00:00:00,GER,0
3,3,1896-06-29 00:00:00,ZZX,0
4,7,1896-06-29 00:00:00,GBR,0
5,6,1896-06-29 00:00:00,DEN,0
6,3,1896-06-29 00:00:00,SUI,0
7,19,1896-06-29 00:00:00,USA,0
8,2,1896-06-29 00:00:00,AUS,0
9,5,1896-06-29 00:00:00,AUT,0
10,11,1896-06-29 00:00:00,FRA,0
11,85,1900-06-29,FRA,1
12,23,1900-06-29,GBR,1
13,9,1900-06-29,ZZX,1
14,3,1900-06-29,NED,1
15,5,1900-06-29,GER,1
16,46,1900-06-29,USA,1
17,14,1900-06-29,BEL,1
18,4,1900-06-29,NOR,1
19,6,1900-06-29,SUI,1
20,6,1900-06-29,DEN,1
21,1,1900-06-29,BOH,1
22,2,1900-06-29,IND,1
23,5,1900-06-29,AUS,1
24,5,1900-06-29,HUN,1
25,2,1900-06-29,CAN,1
26,6,1900-06-29,AUT,1
27,2,1900-06-29,CUB,1
28,4,1900-06-29,ITA,1
29,1,1900-06-29,ESP,1
30,1,1900-06-29,SWE,1
31,232,1904-06-29,USA,2
32,12,1904-06-29,GER,2
33,2,1904-06-29,SUI,2
34,5,1904-06-29,CAN,2
35,2,1904-06-29,GRE,2
36,2,1904-06-29,ZZX,2
37,2,1904-06-29,GBR,2
38,1,1904-06-29,AUT,2
39,4,1904-06-29,HUN,2
40,9,1904-06-29,CUB,2
41,134,1908-06-29,GBR,3
42,5,1908-06-29,ANZ,3
43,8,1908-06-29,HUN,3
44,11,1908-06-29,GER,3
45,21,1908-06-29,SWE,3
46,44,1908-06-29,USA,3
47,19,1908-06-29,FRA,3
48,8,1908-06-29,BEL,3
49,13,1908-06-29,CAN,3
50,3,1908-06-29,RU1,3
51,5,1908-06-29,FIN,3
52,4,1908-06-29,ITA,3
53,5,1908-06-29,DEN,3
54,8,1908-06-29,NOR,3
55,3,1908-06-29,GRE,3
56,2,1908-06-29,RSA,3
57,1,1908-06-29,AUT,3
58,1,1908-06-29,NED,3
59,2,1908-06-29,BOH,3
60,11,1912-06-29,DEN,4
61,24,1912-06-29,GER,4
62,37,1912-06-29,GBR,4
63,4,1912-06-29,RU1,4
64,7,1912-06-29,CAN,4
65,6,1912-06-29,BEL,4
66,25,1912-06-29,FIN,4
67,13,1912-06-29,FRA,4
68,62,1912-06-29,SWE,4
69,8,1912-06-29,NOR,4
70,60,1912-06-29,USA,4
71,6,1912-06-29,RSA,4
72,4,1912-06-29,AUT,4
73,8,1912-06-29,HUN,4
74,5,1912-06-29,ANZ,4
75,2,1912-06-29,GRE,4
76,6,1912-06-29,ITA,4
77,3,1912-06-29,NED,4
78,84,1920-06-29,USA,5
79,42,1920-06-29,GBR,5
80,1,1920-06-29,NZL,5
81,40,1920-06-29,FRA,5
82,22,1920-06-29,ITA,5
83,30,1920-06-29,NOR,5
84,11,1920-06-29,SUI,5
85,11,1920-06-29,NED,5
86,36,1920-06-29,BEL,5
87,58,1920-06-29,SWE,5
88,13,1920-06-29,DEN,5
89,2,1920-06-29,ESP,5
90,8,1920-06-29,CAN,5
91,2,1920-06-29,TCH,5
92,34,1920-06-29,FIN,5
94,8,1920-06-29,RSA,5
95,3,1920-06-29,EST,5
96,1,1920-06-29,LUX,5
97,3,1920-06-29,BRA,5
98,1,1920-06-29,GRE,5
99,3,1920-06-29,AUS,5
100,25,1924-06-29,SUI,6
101,83,1924-06-29,USA,6
102,36,1924-06-29,FRA,6
103,16,1924-06-29,ITA,6
104,4,1924-06-29,CAN,6
105,27,1924-06-29,GBR,6
106,1,1924-06-29,ROU,6
107,9,1924-06-29,TCH,6
108,2,1924-06-29,YUG,6
109,6,1924-06-29,ARG,6
110,10,1924-06-29,NED,6
111,28,1924-06-29,SWE,6
112,37,1924-06-29,FIN,6
113,9,1924-06-29,HUN,6
114,7,1924-06-29,DEN,6
115,4,1924-06-29,AUT,6
116,13,1924-06-29,BEL,6
117,6,1924-06-29,EST,6
118,1,1924-06-29,URU,6
119,1,1924-06-29,JPN,6
120,10,1924-06-29,NOR,6
121,1,1924-06-29,HAI,6
122,2,1924-06-29,POL,6
123,3,1924-06-29,RSA,6
124,1,1924-06-29,NZL,6
125,6,1924-06-29,AUS,6
126,1,1924-06-29,POR,6
127,18,1928-06-29,ITA,7
128,4,1928-06-29,YUG,7
129,16,1928-06-29,NED,7
130,8,1928-06-29,TCH,7
131,14,1928-06-29,SUI,7
132,17,1928-06-29,GBR,7
133,25,1928-06-29,GER,7
134,1,1928-06-29,IND,7
135,7,1928-06-29,ARG,7
136,1,1928-06-29,URU,7
137,25,1928-06-29,FIN,7
138,7,1928-06-29,DEN,7
139,22,1928-06-29,SWE,7
140,20,1928-06-29,FRA,7
141,3,1928-06-29,AUT,7
142,5,1928-06-29,EST,7
143,4,1928-06-29,AUS,7
144,42,1928-06-29,USA,7
145,4,1928-06-29,NOR,7
146,9,1928-06-29,HUN,7
147,4,1928-06-29,EGY,7
148,11,1928-06-29,CAN,7
149,3,1928-06-29,BEL,7
150,4,1928-06-29,POL,7
151,3,1928-06-29,RSA,7
152,4,1928-06-29,JPN,7
153,1,1928-06-29,IRL,7
154,1,1928-06-29,PHI,7
155,1,1928-06-29,ESP,7
156,1,1928-06-29,NZL,7
157,1,1928-06-29,HAI,7
158,1,1928-06-29,CHI,7
159,83,1932-06-29,USA,8
160,1,1932-06-29,IND,8
161,14,1932-06-29,JPN,8
162,34,1932-06-29,ITA,8
163,14,1932-06-29,CAN,8
164,17,1932-06-29,GER,8
165,23,1932-06-29,SWE,8
166,6,1932-06-29,POL,8
167,15,1932-06-29,GBR,8
168,1,1932-06-29,NZL,8
169,15,1932-06-29,HUN,8
170,19,1932-06-29,FRA,8
171,5,1932-06-29,AUT,8
172,25,1932-06-29,FIN,8
173,1,1932-06-29,SUI,8
174,4,1932-06-29,TCH,8
175,5,1932-06-29,DEN,8
176,1,1932-06-29,ESP,8
177,6,1932-06-29,NED,8
178,2,1932-06-29,MEX,8
179,4,1932-06-29,AUS,8
180,1,1932-06-29,URU,8
181,2,1932-06-29,IRL,8
182,3,1932-06-29,PHI,8
183,4,1932-06-29,RSA,8
184,1,1932-06-29,LAT,8
185,4,1932-06-29,ARG,8
186,79,1936-06-29,GER,9
187,12,1936-06-29,AUT,9
188,13,1936-06-29,SUI,9
189,8,1936-06-29,TCH,9
190,1,1936-06-29,IND,9
191,14,1936-06-29,NED,9
192,21,1936-06-29,ITA,9
193,14,1936-06-29,HUN,9
194,6,1936-06-29,NOR,9
195,16,1936-06-29,FIN,9
196,1,1936-06-29,YUG,9
197,20,1936-06-29,SWE,9
198,13,1936-06-29,GBR,9
199,18,1936-06-29,FRA,9
200,4,1936-06-29,POL,9
201,4,1936-06-29,EGY,9
202,47,1936-06-29,USA,9
203,7,1936-06-29,EST,9
204,2,1936-06-29,TUR,9
205,9,1936-06-29,CAN,9
206,6,1936-06-29,ARG,9
207,4,1936-06-29,DEN,9
208,3,1936-06-29,MEX,9
209,2,1936-06-29,LAT,9
210,1,1936-06-29,PHI,9
211,15,1936-06-29,JPN,9
212,1,1936-06-29,AUS,9
213,1,1936-06-29,NZL,9
214,2,1936-06-29,BEL,9
215,1,1936-06-29,ROU,9
216,1,1936-06-29,POR,9
217,1,1936-06-29,RSA,9
218,10,1948-06-29,TCH,10
219,19,1948-06-29,SUI,10
220,70,1948-06-29,USA,10
221,21,1948-06-29,HUN,10
222,16,1948-06-29,FIN,10
223,1,1948-06-29,IND,10
224,20,1948-06-29,GBR,10
225,12,1948-06-29,NED,10
226,23,1948-06-29,ITA,10
227,27,1948-06-29,FRA,10
228,1,1948-06-29,AUT,10
229,15,1948-06-29,DEN,10
230,7,1948-06-29,BEL,10
231,2,1948-06-29,YUG,10
232,43,1948-06-29,SWE,10
233,1,1948-06-29,PER,10
234,1,1948-06-29,IRI,10
235,5,1948-06-29,EGY,10
236,1,1948-06-29,TRI,10
237,2,1948-06-29,KOR,10
238,7,1948-06-29,NOR,10
239,6,1948-06-29,ARG,10
240,2,1948-06-29,POR,10
241,1,1948-06-29,CUB,10
242,12,1948-06-29,TUR,10
243,10,1948-06-29,AUS,10
244,2,1948-06-29,URU,10
245,3,1948-06-29,CAN,10
246,1,1948-06-29,PAN,10
247,3,1948-06-29,JAM,10
248,1,1948-06-29,SRI,10
249,5,1948-06-29,MEX,10
250,1,1948-06-29,ESP,10
251,1,1948-06-29,BRA,10
252,4,1948-06-29,RSA,10
253,1,1948-06-29,PUR,10
254,1,1948-06-29,POL,10
255,33,1952-06-29,HUN,11
256,35,1952-06-29,SWE,11
257,51,1952-06-29,URS,11
258,11,1952-06-29,SUI,11
259,12,1952-06-29,TCH,11
260,2,1952-06-29,NED,11
261,2,1952-06-29,IND,11
262,10,1952-06-29,GBR,11
263,7,1952-06-29,JPN,11
264,19,1952-06-29,ITA,11
265,16,1952-06-29,FRA,11
266,20,1952-06-29,FIN,11
267,21,1952-06-29,GER,11
268,3,1952-06-29,YUG,11
269,4,1952-06-29,POL,11
270,1,1952-06-29,ESP,11
271,5,1952-06-29,NOR,11
272,66,1952-06-29,USA,11
273,4,1952-06-29,ROU,11
274,3,1952-06-29,CAN,11
275,7,1952-06-29,IRI,11
276,5,1952-06-29,ARG,11
277,2,1952-06-29,TRI,11
278,8,1952-06-29,AUS,11
279,1,1952-06-29,KOR,11
280,4,1952-06-29,DEN,11
281,1,1952-06-29,POR,11
282,2,1952-06-29,LIB,11
283,1,1952-06-29,EGY,11
284,3,1952-06-29,TUR,11
285,4,1952-06-29,BEL,11
286,2,1952-06-29,URU,11
287,5,1952-06-29,JAM,11
288,1,1952-06-29,LUX,11
289,2,1952-06-29,NZL,11
290,6,1952-06-29,RSA,11
291,2,1952-06-29,BRA,11
292,1,1952-06-29,MEX,11
293,1,1952-06-29,VEN,11
294,2,1952-06-29,AUT,11
295,2,1952-06-29,CHI,11
296,1,1952-06-29,IRL,11
298,78,1956-06-29,URS,12
299,22,1956-06-29,HUN,12
300,6,1956-06-29,POL,12
301,13,1956-06-29,ROU,12
302,16,1956-06-29,JPN,12
303,14,1956-06-29,FIN,12
304,20,1956-06-29,EUA,12
305,1,1956-06-29,IND,12
306,1,1956-06-29,PAK,12
307,18,1956-06-29,SWE,12
308,5,1956-06-29,BUL,12
309,22,1956-06-29,ITA,12
310,12,1956-06-29,FRA,12
311,4,1956-06-29,TCH,12
312,3,1956-06-29,YUG,12
313,5,1956-06-29,CAN,12
314,5,1956-06-29,IRI,12
315,63,1956-06-29,USA,12
316,1,1956-06-29,ARG,12
317,2,1956-06-29,KOR,12
318,4,1956-06-29,DEN,12
319,22,1956-06-29,GBR,12
320,2,1956-06-29,NZL,12
321,24,1956-06-29,AUS,12
322,2,1956-06-29,BEL,12
323,1,1956-06-29,BAH,12
324,7,1956-06-29,TUR,12
325,2,1956-06-29,AUT,12
326,3,1956-06-29,NOR,12
327,3,1956-06-29,CHI,12
328,1,1956-06-29,GRE,12
329,4,1956-06-29,IRL,12
330,3,1956-06-29,RSA,12
331,2,1956-06-29,MEX,12
332,1,1956-06-29,SUI,12
333,1,1956-06-29,ISL,12
334,1,1956-06-29,URU,12
335,1,1956-06-29,BRA,12
336,35,1960-06-29,ITA,13
337,83,1960-06-29,URS,13
338,16,1960-06-29,JPN,13
339,6,1960-06-29,BUL,13
340,4,1960-06-29,FIN,13
341,6,1960-06-29,DEN,13
342,6,1960-06-29,TCH,13
343,5,1960-06-29,ROU,13
344,2,1960-06-29,PAK,13
345,1,1960-06-29,ESP,13
346,1,1960-06-29,IND,13
347,20,1960-06-29,HUN,13
348,29,1960-06-29,EUA,13
349,13,1960-06-29,GBR,13
350,59,1960-06-29,USA,13
351,2,1960-06-29,YUG,13
352,17,1960-06-29,POL,13
353,1,1960-06-29,VEN,13
354,4,1960-06-29,IRI,13
355,1,1960-06-29,IRQ,13
356,1,1960-06-29,SIN,13
357,6,1960-06-29,SUI,13
358,1,1960-06-29,GRE,13
359,2,1960-06-29,ARG,13
360,1,1960-06-29,NOR,13
361,4,1960-06-29,BEL,13
362,1,1960-06-29,POR,13
363,2,1960-06-29,AUT,13
364,2,1960-06-29,EGY,13
365,9,1960-06-29,TUR,13
366,5,1960-06-29,SWE,13
367,5,1960-06-29,FRA,13
368,1,1960-06-29,CAN,13
369,17,1960-06-29,AUS,13
370,2,1960-06-29,RSA,13
371,3,1960-06-29,NZL,13
372,2,1960-06-29,BWI,13
373,1,1960-06-29,TPE,13
374,2,1960-06-29,NED,13
375,1,1960-06-29,MEX,13
376,1,1960-06-29,BRA,13
377,1,1960-06-29,ETH,13
378,1,1960-06-29,MAR,13
379,1,1960-06-29,GHA,13
380,10,1964-06-29,AUS,14
381,42,1964-06-29,EUA,14
382,1,1964-06-29,IND,14
383,78,1964-06-29,URS,14
384,11,1964-06-29,TCH,14
385,24,1964-06-29,JPN,14
386,20,1964-06-29,HUN,14
387,5,1964-06-29,FIN,14
388,1,1964-06-29,PAK,14
389,71,1964-06-29,USA,14
390,4,1964-06-29,CAN,14
391,9,1964-06-29,NED,14
392,4,1964-06-29,SUI,14
393,2,1964-06-29,KOR,14
394,23,1964-06-29,ITA,14
395,16,1964-06-29,POL,14
396,13,1964-06-29,FRA,14
397,5,1964-06-29,YUG,14
398,2,1964-06-29,IRI,14
399,6,1964-06-29,TUR,14
400,10,1964-06-29,BUL,14
401,9,1964-06-29,ROU,14
402,8,1964-06-29,SWE,14
403,14,1964-06-29,GBR,14
404,6,1964-06-29,DEN,14
405,4,1964-06-29,NZL,14
406,1,1964-06-29,BAH,14
407,3,1964-06-29,TRI,14
408,3,1964-06-29,BEL,14
409,1,1964-06-29,TUN,14
410,1,1964-06-29,CUB,14
411,1,1964-06-29,KEN,14
412,1,1964-06-29,ARG,14
413,1,1964-06-29,BRA,14
414,1,1964-06-29,ETH,14
416,1,1964-06-29,MEX,14
418,1,1964-06-29,PHI,14
419,1,1964-06-29,GHA,14
421,8,1968-06-29,TCH,15
422,74,1968-06-29,URS,15
423,16,1968-06-29,GDR,15
424,20,1968-06-29,JPN,15
425,1,1968-06-29,IND,15
426,5,1968-06-29,YUG,15
427,3,1968-06-29,FIN,15
428,5,1968-06-29,NED,15
429,13,1968-06-29,AUS,15
430,4,1968-06-29,SWE,15
431,29,1968-06-29,HUN,15
432,12,1968-06-29,FRA,15
433,8,1968-06-29,DEN,15
434,71,1968-06-29,USA,15
435,1,1968-06-29,PAK,15
436,13,1968-06-29,ROU,15
437,16,1968-06-29,ITA,15
438,13,1968-06-29,POL,15
439,7,1968-06-29,MEX,15
440,9,1968-06-29,BUL,15
441,5,1968-06-29,IRI,15
442,2,1968-06-29,BEL,15
443,4,1968-06-29,MGL,15
444,2,1968-06-29,TUR,15
445,1,1968-06-29,GRE,15
446,23,1968-06-29,FRG,15
447,5,1968-06-29,SUI,15
448,3,1968-06-29,NZL,15
449,2,1968-06-29,ARG,15
450,12,1968-06-29,GBR,15
451,3,1968-06-29,BRA,15
452,3,1968-06-29,AUT,15
453,2,1968-06-29,NOR,15
454,2,1968-06-29,TUN,15
455,8,1968-06-29,KEN,15
456,2,1968-06-29,ETH,15
457,1,1968-06-29,JAM,15
458,3,1968-06-29,CUB,15
459,3,1968-06-29,CAN,15
460,1,1968-06-29,TPE,15
461,1,1968-06-29,UGA,15
462,1,1968-06-29,CMR,15
463,1,1968-06-29,KOR,15
464,1,1968-06-29,VEN,15
465,5,1972-06-29,YUG,16
466,5,1972-06-29,TCH,16
467,1,1972-06-29,IND,16
468,51,1972-06-29,GDR,16
469,86,1972-06-29,URS,16
470,14,1972-06-29,ROU,16
471,7,1972-06-29,FIN,16
472,2,1972-06-29,BRA,16
473,29,1972-06-29,FRG,16
474,1,1972-06-29,KOR,16
475,19,1972-06-29,JPN,16
476,14,1972-06-29,GBR,16
477,9,1972-06-29,FRA,16
478,5,1972-06-29,NED,16
479,17,1972-06-29,POL,16
480,30,1972-06-29,HUN,16
481,5,1972-06-29,PRK,16
482,1,1972-06-29,PAK,16
483,12,1972-06-29,ITA,16
484,3,1972-06-29,SUI,16
485,20,1972-06-29,BUL,16
486,3,1972-06-29,IRI,16
487,1,1972-06-29,MGL,16
488,2,1972-06-29,GRE,16
489,12,1972-06-29,SWE,16
490,64,1972-06-29,USA,16
491,4,1972-06-29,NOR,16
492,1,1972-06-29,LIB,16
493,1,1972-06-29,TUR,16
494,3,1972-06-29,NZL,16
495,1,1972-06-29,ARG,16
496,3,1972-06-29,AUT,16
497,2,1972-06-29,COL,16
498,15,1972-06-29,AUS,16
499,2,1972-06-29,CAN,16
500,6,1972-06-29,KEN,16
501,7,1972-06-29,CUB,16
503,2,1972-06-29,BEL,16
504,2,1972-06-29,ETH,16
505,1,1972-06-29,TUN,16
506,2,1972-06-29,UGA,16
507,1,1972-06-29,DEN,16
508,1,1972-06-29,NGR,16
511,1,1972-06-29,MEX,16
513,4,1976-06-29,NZL,17
514,5,1976-06-29,AUS,17
515,18,1976-06-29,HUN,17
516,5,1976-06-29,KOR,17
517,7,1976-06-29,ITA,17
518,9,1976-06-29,CUB,17
519,58,1976-06-29,USA,17
520,1,1976-06-29,PAK,17
521,97,1976-06-29,URS,17
522,72,1976-06-29,GDR,17
523,22,1976-06-29,JPN,17
524,9,1976-06-29,GBR,17
525,21,1976-06-29,POL,17
526,18,1976-06-29,BUL,17
527,33,1976-06-29,FRG,17
528,7,1976-06-29,TCH,17
529,5,1976-06-29,YUG,17
530,6,1976-06-29,FRA,17
531,3,1976-06-29,SUI,17
532,1,1976-06-29,NOR,17
533,22,1976-06-29,ROU,17
534,2,1976-06-29,IRI,17
535,4,1976-06-29,FIN,17
536,2,1976-06-29,POR,17
537,1,1976-06-29,MGL,17
538,4,1976-06-29,NED,17
539,5,1976-06-29,SWE,17
540,2,1976-06-29,BRA,17
541,1,1976-06-29,AUT,17
542,3,1976-06-29,DEN,17
543,2,1976-06-29,ESP,17
545,1,1976-06-29,TRI,17
546,6,1976-06-29,BEL,17
547,2,1976-06-29,MEX,17
548,8,1976-06-29,CAN,17
549,1,1976-06-29,PUR,17
551,2,1976-06-29,PRK,17
552,1,1976-06-29,BER,17
553,1,1976-06-29,VEN,17
554,153,1980-06-29,URS,18
555,4,1980-06-29,ESP,18
556,1,1980-06-29,ZIM,18
557,10,1980-06-29,TCH,18
559,8,1980-06-29,YUG,18
560,91,1980-06-29,GDR,18
561,9,1980-06-29,GBR,18
562,25,1980-06-29,HUN,18
563,18,1980-06-29,ROU,18
564,8,1980-06-29,SWE,18
565,4,1980-06-29,MGL,18
566,25,1980-06-29,POL,18
567,36,1980-06-29,BUL,18
568,11,1980-06-29,FRA,18
569,18,1980-06-29,CUB,18
570,1,1980-06-29,BEL,18
571,10,1980-06-29,ITA,18
572,3,1980-06-29,NED,18
573,2,1980-06-29,SUI,18
574,4,1980-06-29,PRK,18
575,4,1980-06-29,DEN,18
576,1,1980-06-29,LIB,18
577,6,1980-06-29,FIN,18
578,3,1980-06-29,GRE,18
579,1,1980-06-29,IRL,18
580,4,1980-06-29,AUT,18
581,4,1980-06-29,BRA,18
582,4,1980-06-29,ETH,18
583,2,1980-06-29,TAN,18
584,2,1980-06-29,JAM,18
585,5,1980-06-29,AUS,18
586,3,1980-06-29,MEX,18
587,1,1980-06-29,VEN,18
589,1,1980-06-29,UGA,18
590,128,1984-06-29,USA,19
591,45,1984-06-29,FRG,19
592,9,1984-06-29,NED,19
593,18,1984-06-29,KOR,19
594,28,1984-06-29,GBR,19
596,17,1984-06-29,AUS,19
597,15,1984-06-29,YUG,19
598,3,1984-06-29,ESP,19
599,44,1984-06-29,ROU,19
600,1,1984-06-29,NOR,19
601,24,1984-06-29,ITA,19
602,20,1984-06-29,FRA,19
603,14,1984-06-29,SWE,19
604,4,1984-06-29,BEL,19
605,31,1984-06-29,CAN,19
606,1,1984-06-29,EGY,19
607,26,1984-06-29,JPN,19
608,3,1984-06-29,AUT,19
609,5,1984-06-29,BRA,19
611,20,1984-06-29,CHN,19
612,7,1984-06-29,SUI,19
613,1,1984-06-29,PER,19
614,6,1984-06-29,DEN,19
615,1,1984-06-29,COL,19
616,1,1984-06-29,SYR,19
617,6,1984-06-29,MEX,19
618,2,1984-06-29,GRE,19
619,10,1984-06-29,FIN,19
620,1,1984-06-29,TPE,19
621,2,1984-06-29,TUR,19
622,9,1984-06-29,NZL,19
623,2,1984-06-29,MAR,19
624,2,1984-06-29,KEN,19
626,1,1984-06-29,JAM,19
627,2,1984-06-29,NGR,19
628,1,1984-06-29,IRL,19
629,1,1984-06-29,POR,19
630,2,1984-06-29,VEN,19
632,1,1984-06-29,CMR,19
634,1,1984-06-29,PUR,19
635,2,1984-06-29,ALG,19
636,1,1984-06-29,THA,19
637,13,1988-06-29,AUS,20
638,6,1988-06-29,NED,20
639,26,1988-06-29,KOR,20
640,11,1988-06-29,JPN,20
641,98,1988-06-29,URS,20
642,17,1988-06-29,GBR,20
643,32,1988-06-29,FRG,20
644,57,1988-06-29,USA,20
645,23,1988-06-29,CHN,20
646,19,1988-06-29,ROU,20
647,77,1988-06-29,GDR,20
648,31,1988-06-29,BUL,20
649,2,1988-06-29,SUI,20
650,2,1988-06-29,BEL,20
651,1,1988-06-29,AUT,20
652,13,1988-06-29,POL,20
653,4,1988-06-29,BRA,20
654,13,1988-06-29,FRA,20
655,15,1988-06-29,HUN,20
656,9,1988-06-29,YUG,20
657,9,1988-06-29,ITA,20
658,3,1988-06-29,NOR,20
660,7,1988-06-29,TCH,20
661,2,1988-06-29,ESP,20
662,6,1988-06-29,SWE,20
664,2,1988-06-29,TUR,20
665,4,1988-06-29,FIN,20
666,1,1988-06-29,GRE,20
667,1,1988-06-29,IRI,20
668,9,1988-06-29,NZL,20
669,1,1988-06-29,CHI,20
670,3,1988-06-29,DEN,20
671,1,1988-06-29,AHO,20
672,8,1988-06-29,CAN,20
673,1,1988-06-29,ISV,20
674,2,1988-06-29,JAM,20
675,4,1988-06-29,KEN,20
676,1,1988-06-29,SEN,20
679,1,1988-06-29,POR,20
681,1,1988-06-29,CRC,20
684,1,1988-06-29,THA,20
686,1,1988-06-29,PHI,20
688,1,1988-06-29,PAK,20
689,11,1992-06-29,GBR,21
690,18,1992-06-29,AUS,21
691,64,1992-06-29,GER,21
692,19,1992-06-29,ESP,21
693,6,1992-06-29,NOR,21
695,16,1992-06-29,KOR,21
696,82,1992-06-29,EUN,21
697,14,1992-06-29,POL,21
698,17,1992-06-29,ITA,21
699,21,1992-06-29,HUN,21
700,11,1992-06-29,NED,21
701,21,1992-06-29,FRA,21
702,19,1992-06-29,JPN,21
703,14,1992-06-29,CAN,21
704,75,1992-06-29,USA,21
705,35,1992-06-29,CHN,21
706,2,1992-06-29,AUT,21
707,2,1992-06-29,SLO,21
708,22,1992-06-29,CUB,21
709,6,1992-06-29,TUR,21
710,2,1992-06-29,ISR,21
711,3,1992-06-29,BEL,21
712,2,1992-06-29,BRA,21
713,11,1992-06-29,ROU,21
714,8,1992-06-29,PRK,21
715,1,1992-06-29,GHA,21
716,9,1992-06-29,SWE,21
717,1,1992-06-29,ARG,21
720,1,1992-06-29,RSA,21
721,3,1992-06-29,IRI,21
722,16,1992-06-29,BUL,21
723,2,1992-06-29,GRE,21
724,5,1992-06-29,TCH,21
725,3,1992-06-29,IOP,21
726,6,1992-06-29,NZL,21
727,1,1992-06-29,PER,21
728,3,1992-06-29,LAT,21
729,1,1992-06-29,MGL,21
730,2,1992-06-29,EST,21
731,4,1992-06-29,DEN,21
732,4,1992-06-29,INA,21
733,3,1992-06-29,JAM,21
737,1,1992-06-29,ALG,21
738,4,1992-06-29,KEN,21
739,3,1992-06-29,NGR,21
740,1,1992-06-29,COL,21
741,2,1992-06-29,ETH,21
743,2,1992-06-29,LTU,21
744,1,1992-06-29,MEX,21
746,1,1992-06-29,TPE,21
748,1,1992-06-29,BAH,21
749,2,1992-06-29,IRL,21
750,1,1992-06-29,PUR,21
752,1,1992-06-29,PHI,21
753,11,1996-06-29,ESP,22
754,14,1996-06-29,NED,22
755,28,1996-06-29,AUS,22
756,16,1996-06-29,HUN,22
757,4,1996-06-29,DEN,22
758,19,1996-06-29,KOR,22
759,14,1996-06-29,CAN,22
760,15,1996-06-29,POL,22
761,27,1996-06-29,FRA,22
762,7,1996-06-29,BRA,22
763,2,1996-06-29,UZB,22
764,50,1996-06-29,GER,22
765,13,1996-06-29,JPN,22
766,2,1996-06-29,GEO,22
767,65,1996-06-29,USA,22
768,5,1996-06-29,BEL,22
769,26,1996-06-29,ITA,22
770,19,1996-06-29,CUB,22
771,33,1996-06-29,CHN,22
772,10,1996-06-29,KAZ,22
773,47,1996-06-29,RUS,22
774,3,1996-06-29,NOR,22
775,7,1996-06-29,GBR,22
777,5,1996-06-29,PRK,22
778,5,1996-06-29,SWE,22
779,1,1996-06-29,ARG,22
780,17,1996-06-29,ROU,22
781,4,1996-06-29,SUI,22
782,18,1996-06-29,UKR,22
783,9,1996-06-29,BLR,22
784,15,1996-06-29,BUL,22
785,5,1996-06-29,GRE,22
786,4,1996-06-29,NGR,22
787,1,1996-06-29,CRO,22
788,4,1996-06-29,YUG,22
789,9,1996-06-29,CZE,22
791,1,1996-06-29,TPE,22
792,3,1996-06-29,IRI,22
793,1,1996-06-29,AZE,22
794,6,1996-06-29,TUR,22
795,3,1996-06-29,FIN,22
796,2,1996-06-29,ARM,22
797,2,1996-06-29,MDA,22
798,2,1996-06-29,POR,22
799,3,1996-06-29,SVK,22
800,3,1996-06-29,AUT,22
801,4,1996-06-29,NZL,22
802,1,1996-06-29,HKG,22
804,1,1996-06-29,NAM,22
805,1,1996-06-29,TRI,22
806,1,1996-06-29,ALG,22
807,3,1996-06-29,KEN,22
808,1,1996-06-29,SLO,22
809,3,1996-06-29,JAM,22
810,1,1996-06-29,MEX,22
813,1,1996-06-29,ECU,22
814,2,1996-06-29,ETH,22
816,1,1996-06-29,SYR,22
817,1,1996-06-29,MOZ,22
818,3,1996-06-29,RSA,22
821,4,1996-06-29,IRL,22
822,1,1996-06-29,CRC,22
823,1,1996-06-29,LTU,22
824,1,1996-06-29,INA,22
828,1,1996-06-29,THA,22
829,1,1996-06-29,LAT,22
830,1,1996-06-29,TGA,22
831,1,1996-06-29,PHI,22
832,15,2000-06-29,NED,23
833,42,2000-06-29,AUS,23
834,20,2000-06-29,KOR,23
835,7,2000-06-29,SWE,23
836,7,2000-06-29,NOR,23
837,6,2000-06-29,DEN,23
838,14,2000-06-29,HUN,23
839,2,2000-06-29,CRO,23
840,62,2000-06-29,USA,23
841,24,2000-06-29,GBR,23
842,62,2000-06-29,RUS,23
843,14,2000-06-29,BLR,23
844,8,2000-06-29,CAN,23
845,16,2000-06-29,JPN,23
846,30,2000-06-29,FRA,23
847,8,2000-06-29,BRA,23
848,11,2000-06-29,UKR,23
849,2,2000-06-29,POR,23
850,1,2000-06-29,EST,23
851,42,2000-06-29,CHN,23
852,21,2000-06-29,ROU,23
853,21,2000-06-29,ITA,23
854,3,2000-06-29,LAT,23
855,23,2000-06-29,CUB,23
856,38,2000-06-29,GER,23
857,4,2000-06-29,LTU,23
858,1,2000-06-29,SLO,23
859,1,2000-06-29,ARG,23
860,4,2000-06-29,BEL,23
861,5,2000-06-29,TUR,23
862,6,2000-06-29,GEO,23
863,8,2000-06-29,ESP,23
864,1,2000-06-29,KGZ,23
865,2,2000-06-29,PRK,23
866,1,2000-06-29,CHI,23
868,12,2000-06-29,GRE,23
869,8,2000-06-29,BUL,23
870,10,2000-06-29,POL,23
871,6,2000-06-29,SUI,23
872,7,2000-06-29,CZE,23
873,3,2000-06-29,YUG,23
874,5,2000-06-29,TPE,23
875,5,2000-06-29,MEX,23
876,4,2000-06-29,IRI,23
877,1,2000-06-29,VIE,23
878,1,2000-06-29,MKD,23
879,2,2000-06-29,AZE,23
880,1,2000-06-29,ARM,23
881,2,2000-06-29,NGR,23
882,1,2000-06-29,COL,23
883,3,2000-06-29,FIN,23
884,3,2000-06-29,UZB,23
885,6,2000-06-29,KAZ,23
886,3,2000-06-29,THA,23
888,4,2000-06-29,INA,23
889,1,2000-06-29,QAT,23
890,2,2000-06-29,NZL,23
891,1,2000-06-29,KUW,23
892,1,2000-06-29,AUT,23
893,1,2000-06-29,MDA,23
894,4,2000-06-29,MAR,23
895,4,2000-06-29,KEN,23
896,5,2000-06-29,JAM,23
897,1,2000-06-29,TRI,23
898,3,2000-06-29,ETH,23
900,1,2000-06-29,ALG,23
901,1,2000-06-29,IRL,23
902,2,2000-06-29,RSA,23
904,1,2000-06-29,KSA,23
905,1,2000-06-29,SRI,23
907,5,2000-06-29,SVK,23
908,2,2000-06-29,CRC,23
910,1,2000-06-29,URU,23
911,1,2000-06-29,ISL,23
912,33,2004-06-29,AUS,24
913,12,2004-06-29,NED,24
914,36,2004-06-29,GER,24
915,3,2004-06-29,ARG,24
916,20,2004-06-29,KOR,24
917,6,2004-06-29,DEN,24
918,16,2004-06-29,UKR,24
919,4,2004-06-29,GEO,24
920,25,2004-06-29,FRA,24
921,19,2004-06-29,ITA,24
922,2,2004-06-29,CRO,24
923,3,2004-06-29,RSA,24
924,2,2004-06-29,LAT,24
925,13,2004-06-29,HUN,24
926,20,2004-06-29,GBR,24
927,1,2004-06-29,LTU,24
928,71,2004-06-29,RUS,24
929,7,2004-06-29,CZE,24
930,14,2004-06-29,BLR,24
931,2,2004-06-29,ISR,24
932,30,2004-06-29,JPN,24
933,14,2004-06-29,GRE,24
934,5,2004-06-29,BRA,24
935,4,2004-06-29,SLO,24
936,64,2004-06-29,USA,24
937,45,2004-06-29,CHN,24
938,2,2004-06-29,NZL,24
939,23,2004-06-29,CUB,24
940,1,2004-06-29,MGL,24
941,1,2004-06-29,EST,24
942,6,2004-06-29,SVK,24
943,9,2004-06-29,BUL,24
944,5,2004-06-29,AUT,24
945,5,2004-06-29,PRK,24
946,1,2004-06-29,BEL,24
947,1,2004-06-29,PAR,24
948,12,2004-06-29,ROU,24
949,13,2004-06-29,ESP,24
950,8,2004-06-29,CAN,24
951,1,2004-06-29,SUI,24
952,2,2004-06-29,VEN,24
953,4,2004-06-29,MEX,24
954,4,2004-06-29,TPE,24
955,5,2004-06-29,EGY,24
956,8,2004-06-29,THA,24
959,9,2004-06-29,TUR,24
960,6,2004-06-29,IRI,24
961,8,2004-06-29,KAZ,24
962,6,2004-06-29,SWE,24
963,2,2004-06-29,FIN,24
964,3,2004-06-29,UZB,24
965,4,2004-06-29,AZE,24
966,8,2004-06-29,POL,24
967,1,2004-06-29,INA,24
968,2,2004-06-29,COL,24
969,3,2004-06-29,NOR,24
970,1,2004-06-29,IND,24
971,1,2004-06-29,UAE,24
972,1,2004-06-29,SCG,24
973,5,2004-06-29,JAM,24
975,3,2004-06-29,ETH,24
977,3,2004-06-29,MAR,24
978,5,2004-06-29,KEN,24
980,1,2004-06-29,DOM,24
981,2,2004-06-29,BAH,24
982,1,2004-06-29,TRI,24
983,2,2004-06-29,ZIM,24
984,1,2004-06-29,CMR,24
986,12,2008-06-29,ESP,25
987,4,2008-06-29,ARG,25
988,31,2008-06-29,GER,25
989,22,2008-06-29,KOR,25
990,71,2008-06-29,CHN,25
991,7,2008-06-29,NED,25
992,55,2008-06-29,RUS,25
993,6,2008-06-29,NOR,25
994,31,2008-06-29,AUS,25
995,7,2008-06-29,ROU,25
996,67,2008-06-29,USA,25
997,3,2008-06-29,NZL,25
998,35,2008-06-29,GBR,25
999,1,2008-06-29,EST,25
1000,14,2008-06-29,CAN,25
1001,23,2008-06-29,UKR,25
1002,1,2008-06-29,LTU,25
1003,4,2008-06-29,MGL,25
1004,8,2008-06-29,BRA,25
1005,6,2008-06-29,PRK,25
1006,19,2008-06-29,JPN,25
1007,1,2008-06-29,ALG,25
1008,4,2008-06-29,SLO,25
1009,18,2008-06-29,CUB,25
1010,6,2008-06-29,UZB,25
1011,21,2008-06-29,FRA,25
1012,22,2008-06-29,ITA,25
1013,3,2008-06-29,AUT,25
1014,10,2008-06-29,KAZ,25
1015,6,2008-06-29,AZE,25
1016,6,2008-06-29,GEO,25
1017,1,2008-06-29,EGY,25
1018,4,2008-06-29,SUI,25
1019,1,2008-06-29,TJK,25
1020,3,2008-06-29,NGR,25
1021,13,2008-06-29,BLR,25
1023,4,2008-06-29,CRO,25
1024,6,2008-06-29,POL,25
1025,1,2008-06-29,IRI,25
1026,6,2008-06-29,TUR,25
1027,2,2008-06-29,TPE,25
1028,2,2008-06-29,GRE,25
1029,3,2008-06-29,MEX,25
1030,2,2008-06-29,DOM,25
1031,1,2008-06-29,AFG,25
1032,4,2008-06-29,THA,25
1033,2,2008-06-29,POR,25
1036,4,2008-06-29,SWE,25
1037,5,2008-06-29,BUL,25
1038,2,2008-06-29,IND,25
1039,3,2008-06-29,ARM,25
1040,6,2008-06-29,HUN,25
1041,5,2008-06-29,SVK,25
1042,2,2008-06-29,KGZ,25
1043,1,2008-06-29,COL,25
1044,1,2008-06-29,LAT,25
1045,1,2008-06-29,VIE,25
1046,4,2008-06-29,INA,25
1047,1,2008-06-29,SIN,25
1048,5,2008-06-29,CZE,25
1050,6,2008-06-29,DEN,25
1051,3,2008-06-29,FIN,25
1053,6,2008-06-29,JAM,25
1054,2,2008-06-29,ETH,25
1055,7,2008-06-29,KEN,25
1056,1,2008-06-29,TRI,25
1057,1,2008-06-29,BAH,25
1058,1,2008-06-29,BEL,25
1059,1,2008-06-29,MAR,25
1061,1,2008-06-29,ECU,25
1062,3,2008-06-29,ZIM,25
1063,1,2008-06-29,TUN,25
1069,1,2008-06-29,MRI,25
1071,1,2008-06-29,IRL,25
1072,31,2012-06-29,GER,26
1073,13,2012-06-29,NED,26
1074,24,2012-06-29,AUS,26
1075,1,2012-06-29,ARG,26
1077,2,2012-06-29,NOR,26
1078,3,2012-06-29,CRO,26
1079,15,2012-06-29,ESP,26
1080,51,2012-06-29,RUS,26
1081,42,2012-06-29,GBR,26
1082,9,2012-06-29,BRA,26
1083,4,2012-06-29,LTU,26
1084,10,2012-06-29,HUN,26
1085,70,2012-06-29,CHN,26
1086,5,2012-06-29,CZE,26
1087,4,2012-06-29,MGL,26
1088,23,2012-06-29,JPN,26
1089,1,2012-06-29,GRE,26
1090,12,2012-06-29,CUB,26
1091,19,2012-06-29,KOR,26
1092,12,2012-06-29,CAN,26
1093,18,2012-06-29,FRA,26
1094,60,2012-06-29,USA,26
1095,3,2012-06-29,SLO,26
1096,14,2012-06-29,ITA,26
1097,7,2012-06-29,NZL,26
1098,3,2012-06-29,BEL,26
1099,6,2012-06-29,ROU,26
1100,1,2012-06-29,UZB,26
1101,6,2012-06-29,COL,26
1102,5,2012-06-29,GEO,26
1103,4,2012-06-29,PRK,26
1104,4,2012-06-29,MEX,26
1105,7,2012-06-29,POL,26
1106,10,2012-06-29,BLR,26
1107,5,2012-06-29,SWE,26
1108,16,2012-06-29,UKR,26
1109,1,2012-06-29,AFG,26
1110,10,2012-06-29,IRI,26
1111,4,2012-06-29,TUR,26
1112,3,2012-06-29,SUI,26
1114,1,2012-06-29,PUR,26
1115,7,2012-06-29,AZE,26
1116,5,2012-06-29,KAZ,26
1117,2,2012-06-29,BUL,26
1118,3,2012-06-29,IND,26
1120,3,2012-06-29,EGY,26
1121,2,2012-06-29,ARM,26
1122,1,2012-06-29,EST,26
1123,2,2012-06-29,INA,26
1124,3,2012-06-29,THA,26
1125,2,2012-06-29,TPE,26
1126,1,2012-06-29,CMR,26
1127,5,2012-06-29,DEN,26
1128,3,2012-06-29,RSA,26
1130,4,2012-06-29,SVK,26
1131,1,2012-06-29,QAT,26
1135,2,2012-06-29,FIN,26
1138,7,2012-06-29,JAM,26
1140,6,2012-06-29,KEN,26
1141,4,2012-06-29,ETH,26
1147,2,2012-06-29,TUN,26
1150,6,2012-06-29,IRL,26
1151,1,2012-06-29,HKG,26
1152,1,2012-06-29,POR,26
1154,1,2012-06-29,KSA,26
