,date,meantemp,humidity,wind_speed,meanpressure
0,2013-01-01,10.0,84.5,0.0,1015.6666666666666
1,2013-01-02,7.4,92.0,2.98,1017.8
2,2013-01-03,7.166666666666667,87.0,4.633333333333334,1018.6666666666666
3,2013-01-04,8.666666666666666,71.33333333333333,1.2333333333333334,1017.1666666666666
4,2013-01-05,6.0,86.83333333333333,3.7,1016.5
5,2013-01-06,7.0,82.8,1.48,1018.0
6,2013-01-07,7.0,78.6,6.3,1020.0
7,2013-01-08,8.857142857142858,63.71428571428572,7.142857142857143,1018.7142857142856
8,2013-01-09,14.0,51.25,12.5,1017.0
9,2013-01-10,11.0,62.0,7.399999999999999,1015.6666666666666
10,2013-01-11,15.714285714285714,51.285714285714285,10.571428571428571,1016.1428571428572
11,2013-01-12,14.0,74.0,13.228571428571428,1015.5714285714286
12,2013-01-13,15.833333333333334,75.16666666666667,4.633333333333334,1013.3333333333334
13,2013-01-14,12.833333333333334,88.16666666666667,0.6166666666666667,1015.1666666666666
14,2013-01-15,14.714285714285714,71.85714285714286,0.5285714285714286,1015.8571428571428
15,2013-01-16,13.833333333333334,86.66666666666667,0.0,1016.6666666666666
16,2013-01-17,16.5,80.83333333333333,5.250000000000001,1015.8333333333334
17,2013-01-18,13.833333333333334,92.16666666666669,8.950000000000001,1014.5
18,2013-01-19,12.5,76.66666666666667,5.883333333333333,1021.6666666666666
19,2013-01-20,11.285714285714286,75.28571428571429,8.471428571428572,1020.2857142857144
20,2013-01-21,11.2,77.0,2.22,1021.0
21,2013-01-22,9.5,79.66666666666667,3.083333333333333,1021.8
22,2013-01-23,14.0,60.16666666666666,4.016666666666667,1020.5
23,2013-01-24,13.833333333333334,60.66666666666666,6.166666666666667,1020.5
24,2013-01-25,12.25,67.0,5.55,1020.75
25,2013-01-26,12.666666666666666,64.16666666666667,6.800000000000001,1019.6666666666666
26,2013-01-27,12.857142857142858,65.57142857142857,5.557142857142857,1018.1428571428572
27,2013-01-28,14.833333333333334,56.0,3.7,1017.8333333333334
28,2013-01-29,14.125,65.5,3.2375,1016.625
29,2013-01-30,14.714285714285714,70.42857142857143,1.0571428571428572,1017.8571428571428
30,2013-01-31,16.2,65.6,2.96,1018.4
31,2013-02-01,16.0,73.0,2.22,1016.0
32,2013-02-02,16.285714285714285,77.57142857142857,1.3285714285714287,1017.1428571428572
33,2013-02-03,18.0,65.57142857142857,1.8571428571428568,1015.2857142857144
34,2013-02-04,17.428571428571427,74.28571428571429,11.114285714285714,1014.5714285714286
35,2013-02-05,16.625,92.375,9.725,1016.375
36,2013-02-06,16.666666666666668,71.33333333333333,8.633333333333333,1018.6666666666666
37,2013-02-07,15.6,59.4,10.74,1018.6
38,2013-02-08,14.0,70.42857142857143,9.257142857142856,1017.1428571428572
39,2013-02-09,15.428571428571429,61.285714285714285,9.257142857142856,1016.8571428571428
40,2013-02-10,15.25,71.5,3.475,1017.125
41,2013-02-11,15.875,70.5,5.325,1016.5
42,2013-02-12,15.333333333333334,70.33333333333333,7.416666666666667,1017.5
43,2013-02-13,16.285714285714285,70.14285714285714,6.085714285714287,1016.0
44,2013-02-14,17.333333333333332,63.833333333333336,4.333333333333333,1014.1666666666666
45,2013-02-15,19.166666666666668,65.33333333333333,10.183333333333335,1011.6666666666666
46,2013-02-16,14.428571428571429,92.71428571428572,8.485714285714286,1008.0
47,2013-02-17,13.666666666666666,90.0,0.0,1012.6666666666666
48,2013-02-18,15.6,78.4,12.220000000000002,1016.2
49,2013-02-19,15.857142857142858,82.0,5.814285714285715,1015.7142857142856
50,2013-02-20,17.714285714285715,74.71428571428571,5.814285714285715,1017.0
51,2013-02-21,20.0,67.28571428571429,6.614285714285714,1015.4285714285714
52,2013-02-22,20.5,65.625,10.875000000000002,1016.0
53,2013-02-23,17.428571428571427,74.85714285714286,9.257142857142856,1017.0
54,2013-02-24,16.857142857142858,78.85714285714286,7.400000000000001,1018.8571428571428
55,2013-02-25,16.875,72.875,4.6375,1018.25
56,2013-02-26,17.857142857142858,70.0,17.587500000000002,1015.1428571428572
57,2013-02-27,20.8,57.2,6.660000000000001,1015.2
58,2013-02-28,19.428571428571427,52.85714285714285,12.957142857142856,1017.4285714285714
59,2013-03-01,17.333333333333332,49.333333333333336,24.066666666666663,1016.3333333333334
60,2013-03-02,19.0,54.0,15.725,1016.25
61,2013-03-03,19.33333333333333,62.833333333333336,8.633333333333333,1016.1666666666666
62,2013-03-04,17.6,71.0,5.5600000000000005,1015.8
63,2013-03-05,20.875,61.875,4.1625000000000005,1016.375
64,2013-03-06,20.857142857142858,65.28571428571429,6.871428571428573,1015.7142857142856
65,2013-03-07,23.428571428571427,57.142857142857146,8.728571428571428,1015.2857142857144
66,2013-03-08,24.166666666666668,44.833333333333336,7.1000000000000005,1014.8333333333334
67,2013-03-09,25.428571428571427,49.71428571428572,5.285714285714286,1009.2857142857144
68,2013-03-10,23.142857142857142,57.57142857142857,4.228571428571429,1008.0
69,2013-03-11,24.0,66.33333333333333,0.9333333333333332,1011.1666666666666
70,2013-03-12,23.5,62.5,4.933333333333334,1011.5
71,2013-03-13,21.5,70.5,5.55,1009.0
72,2013-03-14,22.33333333333333,61.16666666666666,12.033333333333331,1013.1666666666666
73,2013-03-15,24.166666666666668,45.833333333333336,7.716666666666668,1016.1666666666666
74,2013-03-16,20.33333333333333,67.66666666666667,3.7,1016.1666666666666
75,2013-03-17,22.666666666666668,58.66666666666666,8.95,1015.0
76,2013-03-18,23.428571428571427,58.142857142857146,17.457142857142856,1009.4285714285714
77,2013-03-19,22.5,73.66666666666667,10.483333333333333,1011.0
78,2013-03-20,29.166666666666668,36.333333333333336,6.800000000000001,1009.5
79,2013-03-21,23.83333333333333,58.5,10.5,1008.3333333333334
80,2013-03-22,25.25,50.25,9.7125,1006.375
81,2013-03-23,27.375,50.125,9.95,1007.625
82,2013-03-24,27.0,48.75,10.8875,1010.25
83,2013-03-25,23.5,45.5,15.9625,1010.625
84,2013-03-26,24.142857142857142,44.57142857142857,12.957142857142856,1008.8571428571428
85,2013-03-27,21.0,62.0,1.85,1009.0
86,2013-03-28,22.428571428571427,62.71428571428572,7.4142857142857155,1009.5714285714286
87,2013-03-29,21.25,70.375,5.550000000000001,1009.75
88,2013-03-30,23.5,54.75,11.1125,1008.625
89,2013-03-31,23.2,58.0,6.660000000000001,1008.6
90,2013-04-01,25.375,45.5,4.4,1008.5
91,2013-04-02,25.166666666666668,51.0,8.65,1009.5
92,2013-04-03,26.2,45.6,8.14,1009.0
93,2013-04-04,24.6,41.8,11.12,1007.8
94,2013-04-05,25.6,31.0,15.56,1007.0
95,2013-04-06,25.857142857142858,29.857142857142858,11.900000000000002,1006.1428571428572
96,2013-04-07,29.142857142857142,23.285714285714285,10.314285714285717,1005.0
97,2013-04-08,28.714285714285715,33.857142857142854,5.3,1006.0
98,2013-04-09,30.166666666666668,30.5,8.65,1005.3333333333334
99,2013-04-10,30.0,28.0,6.1,1006.7142857142856
100,2013-04-11,30.0,24.2,7.780000000000001,1006.4
101,2013-04-12,28.857142857142858,32.57142857142857,6.342857142857143,1007.5714285714286
102,2013-04-13,30.2,29.2,10.000000000000002,1008.4
103,2013-04-14,28.25,39.375,6.487499999999999,1007.0
104,2013-04-15,28.25,41.375,6.25,1003.875
105,2013-04-16,32.125,24.625,10.425,1000.0
106,2013-04-17,29.2,24.2,6.659999999999999,1002.2
107,2013-04-18,30.285714285714285,30.285714285714285,4.757142857142858,1002.8571428571428
108,2013-04-19,28.285714285714285,31.285714285714285,3.971428571428571,1002.5714285714286
109,2013-04-20,30.625,29.0,7.6375,1003.375
110,2013-04-21,27.666666666666668,38.66666666666666,13.883333333333333,1006.8333333333334
111,2013-04-22,27.375,45.375,7.650000000000001,1010.0
112,2013-04-23,28.625,44.125,4.625000000000001,1009.875
113,2013-04-24,30.285714285714285,41.71428571428572,2.1142857142857143,1008.5714285714286
114,2013-04-25,31.142857142857142,38.285714285714285,3.7,1007.7142857142856
115,2013-04-26,29.875,45.875,6.7125,1008.375
116,2013-04-27,31.142857142857142,31.428571428571427,13.485714285714286,1007.0
117,2013-04-28,30.571428571428573,28.0,12.971428571428572,1005.4285714285714
118,2013-04-29,32.125,26.375,7.875,1004.875
119,2013-04-30,31.142857142857142,32.0,7.928571428571429,1004.8571428571428
120,2013-05-01,31.857142857142858,15.857142857142858,12.685714285714289,1002.8333333333334
121,2013-05-02,29.83333333333333,22.166666666666668,11.433333333333335,1001.2
122,2013-05-03,28.571428571428573,31.571428571428573,9.0,999.4285714285714
123,2013-05-04,32.857142857142854,31.428571428571427,2.914285714285714,999.0
124,2013-05-05,32.625,31.125,3.0125,1000.625
125,2013-05-06,32.75,39.25,3.7,1001.625
126,2013-05-07,32.875,33.25,7.175000000000001,1002.0
127,2013-05-08,34.5,23.0,9.25,1001.1666666666666
128,2013-05-09,34.285714285714285,26.0,8.985714285714284,1000.8571428571428
129,2013-05-10,34.0,27.714285714285715,9.528571428571428,1000.1428571428572
130,2013-05-11,30.75,30.375,14.8125,999.875
131,2013-05-12,29.857142857142858,40.142857142857146,5.828571428571428,1003.7142857142856
132,2013-05-13,31.714285714285715,34.0,3.971428571428572,1003.5714285714286
133,2013-05-14,32.285714285714285,34.285714285714285,4.771428571428571,1001.5714285714286
134,2013-05-15,33.0,33.0,3.2375000000000003,999.8571428571428
135,2013-05-16,33.0,34.75,7.175000000000001,998.5
136,2013-05-17,32.833333333333336,28.166666666666668,9.866666666666667,1000.3333333333334
137,2013-05-18,31.4,42.2,12.966666666666669,999.0
138,2013-05-19,35.333333333333336,22.33333333333333,15.749999999999998,999.6666666666666
139,2013-05-20,36.4,24.2,7.4,998.4
140,2013-05-21,36.0,19.0,11.371428571428572,998.6666666666666
141,2013-05-22,36.75,22.125,17.5875,998.625
142,2013-05-23,37.5,23.33333333333333,13.566666666666668,997.1666666666666
143,2013-05-24,38.42857142857143,27.428571428571427,11.385714285714286,996.4285714285714
144,2013-05-25,38.71428571428572,22.428571428571427,10.314285714285717,998.1428571428572
145,2013-05-26,37.8,21.2,10.74,998.2
146,2013-05-27,35.857142857142854,31.571428571428573,8.72857142857143,999.1428571428572
147,2013-05-28,35.333333333333336,29.0,8.333333333333334,1000.1666666666666
148,2013-05-29,34.142857142857146,27.857142857142858,5.557142857142858,999.4285714285714
149,2013-05-30,32.2,28.2,5.5600000000000005,999.6
150,2013-05-31,33.625,40.125,10.6375,998.7142857142856
151,2013-06-01,32.0,54.0,13.4375,998.75
152,2013-06-02,32.4,56.6,14.2,1001.0
153,2013-06-03,35.6,47.0,12.239999999999998,999.6
154,2013-06-04,35.857142857142854,42.57142857142857,5.028571428571429,999.8571428571428
155,2013-06-05,37.16666666666666,36.5,9.866666666666664,998.0
156,2013-06-06,31.285714285714285,61.71428571428572,10.042857142857144,997.2857142857144
157,2013-06-07,34.0,49.25,7.412500000000001,998.0
158,2013-06-08,34.2,57.4,13.34,997.0
159,2013-06-09,36.16666666666666,40.0,11.416666666666666,995.1666666666666
160,2013-06-10,36.625,42.75,8.100000000000001,995.125
161,2013-06-11,30.166666666666668,61.66666666666666,16.349999999999998,1000.0
162,2013-06-12,34.142857142857146,54.142857142857146,7.4142857142857155,998.0
163,2013-06-13,29.83333333333333,68.66666666666667,9.866666666666664,998.6666666666666
164,2013-06-14,30.142857142857142,68.14285714285714,7.942857142857142,997.4285714285714
165,2013-06-15,30.714285714285715,65.0,13.22857142857143,997.8571428571428
166,2013-06-16,27.0,88.85714285714286,8.485714285714286,996.4285714285714
167,2013-06-17,26.875,87.375,8.3375,994.75
168,2013-06-18,28.4,83.6,5.18,996.4
169,2013-06-19,29.857142857142858,72.85714285714286,4.228571428571429,999.0
170,2013-06-20,33.0,52.71428571428572,4.771428571428571,997.1666666666666
171,2013-06-21,34.833333333333336,47.333333333333336,5.866666666666667,995.3333333333334
172,2013-06-22,35.6,39.4,10.74,996.2
173,2013-06-23,35.166666666666664,53.0,8.350000000000001,995.6666666666666
174,2013-06-24,33.142857142857146,55.0,13.22857142857143,996.2857142857144
175,2013-06-25,30.571428571428573,70.42857142857143,11.114285714285716,999.1666666666666
176,2013-06-26,30.666666666666668,71.5,6.483333333333333,999.0
177,2013-06-27,31.428571428571427,61.85714285714285,7.957142857142856,996.7142857142856
178,2013-06-28,31.5,64.25,8.8125,996.0
179,2013-06-29,33.25,57.0,13.875,995.25
180,2013-06-30,32.833333333333336,52.16666666666666,10.5,997.1666666666666
181,2013-07-01,33.857142857142854,54.0,8.728571428571428,996.4285714285714
182,2013-07-02,33.142857142857146,58.285714285714285,9.8,996.0
183,2013-07-03,31.571428571428573,70.0,6.357142857142857,997.5714285714286
184,2013-07-04,32.375,67.5,9.25,997.0
185,2013-07-05,32.8,62.2,12.96,997.8
186,2013-07-06,31.0,73.14285714285714,11.37142857142857,1000.5714285714286
187,2013-07-07,31.166666666666668,77.33333333333333,7.1000000000000005,1000.1666666666666
188,2013-07-08,29.83333333333333,75.16666666666667,6.483333333333334,997.5
189,2013-07-09,29.0,78.83333333333333,8.016666666666667,996.8333333333334
190,2013-07-10,29.75,75.375,6.4875,995.75
191,2013-07-11,32.5,65.5,7.116666666666667,997.3333333333334
192,2013-07-12,28.875,86.625,5.562500000000001,1000.0
193,2013-07-13,31.75,70.25,12.0625,998.875
194,2013-07-14,30.75,71.625,4.8125,997.375
195,2013-07-15,31.75,73.25,13.5375,998.375
196,2013-07-16,29.875,83.875,9.0,999.0
197,2013-07-17,31.125,78.375,8.65,998.0
198,2013-07-18,31.75,76.0,5.550000000000001,995.0
199,2013-07-19,30.5,73.5,9.266666666666666,995.3333333333334
200,2013-07-20,26.83333333333333,90.66666666666669,4.933333333333333,999.1666666666666
201,2013-07-21,28.2,88.0,2.24,996.4
202,2013-07-22,29.5,80.33333333333333,4.333333333333333,996.8333333333334
203,2013-07-23,31.857142857142858,70.71428571428571,3.971428571428572,998.0
204,2013-07-24,29.714285714285715,84.14285714285714,3.971428571428571,997.1428571428572
205,2013-07-25,28.33333333333333,84.5,8.016666666666667,995.1666666666666
206,2013-07-26,30.0,73.85714285714286,5.571428571428572,995.4285714285714
207,2013-07-27,30.142857142857142,79.0,4.228571428571429,997.2857142857144
208,2013-07-28,32.285714285714285,67.42857142857143,6.085714285714286,998.1428571428572
209,2013-07-29,31.0,77.42857142857143,4.771428571428571,997.1428571428572
210,2013-07-30,30.5,75.66666666666667,8.016666666666667,996.5
211,2013-07-31,28.83333333333333,78.5,9.866666666666664,996.6666666666666
212,2013-08-01,30.0,73.5,5.550000000000001,998.0
213,2013-08-02,31.571428571428573,66.42857142857143,11.114285714285716,999.4285714285714
214,2013-08-03,32.5,62.333333333333336,10.816666666666665,1000.8333333333334
215,2013-08-04,32.5,62.5,5.1,993.25
216,2013-08-05,29.5,77.0,6.783333333333334,1001.0
217,2013-08-06,27.166666666666668,90.66666666666669,4.016666666666667,1002.1666666666666
218,2013-08-07,28.375,85.25,3.25,1001.875
219,2013-08-08,28.5,84.0,6.166666666666667,1000.5
220,2013-08-09,27.166666666666668,87.5,3.716666666666667,1001.0
221,2013-08-10,29.428571428571427,79.85714285714286,6.1000000000000005,1000.3333333333334
222,2013-08-11,30.0,76.83333333333333,6.800000000000001,1001.1666666666666
223,2013-08-12,29.5,81.5,8.350000000000001,1001.0
224,2013-08-13,30.75,72.0,11.125,999.25
225,2013-08-14,29.666666666666668,74.33333333333333,9.866666666666667,999.8333333333334
226,2013-08-15,27.714285714285715,85.0,8.2,1001.7142857142856
227,2013-08-16,26.6,92.0,4.46,1000.8
228,2013-08-17,27.428571428571427,91.0,14.285714285714286,999.4285714285714
229,2013-08-18,28.33333333333333,83.83333333333333,1.2333333333333334,1000.1666666666666
230,2013-08-19,28.166666666666668,84.66666666666667,5.550000000000001,1000.5
231,2013-08-20,27.375,88.5,5.325,999.0
232,2013-08-21,28.33333333333333,81.16666666666667,10.314285714285717,999.2857142857144
233,2013-08-22,29.166666666666668,74.83333333333333,6.483333333333334,1001.1666666666666
234,2013-08-23,31.285714285714285,73.14285714285714,2.642857142857143,1001.4285714285714
235,2013-08-24,32.0,71.25,18.525,1000.3333333333334
236,2013-08-25,29.0,90.75,0.925,998.75
237,2013-08-26,32.0,69.875,6.475,997.8571428571428
238,2013-08-27,32.142857142857146,57.285714285714285,17.071428571428573,999.8571428571428
239,2013-08-28,30.142857142857142,60.71428571428572,11.642857142857142,1003.7142857142856
240,2013-08-29,31.5,57.0,9.275,1003.25
241,2013-08-30,29.166666666666668,73.0,3.1,1003.5
242,2013-08-31,29.0,71.75,4.65,1003.25
243,2013-09-01,30.0,65.2,11.48,1003.2
244,2013-09-02,31.857142857142858,50.85714285714285,15.342857142857142,1003.7142857142856
245,2013-09-03,32.75,45.5,14.8,1001.5
246,2013-09-04,31.714285714285715,48.0,14.54285714285714,1002.1666666666666
247,2013-09-05,31.666666666666668,46.0,13.566666666666668,1001.5
248,2013-09-06,30.571428571428573,55.71428571428572,10.042857142857144,1003.4285714285714
249,2013-09-07,30.83333333333333,51.833333333333336,6.783333333333334,1004.1666666666666
250,2013-09-08,28.0,71.75,2.325,1007.25
251,2013-09-09,31.0,57.5,42.22,1007.0
252,2013-09-10,29.666666666666668,66.33333333333333,3.7,1005.3333333333334
253,2013-09-11,30.857142857142858,61.142857142857146,3.971428571428571,1005.5714285714286
254,2013-09-12,31.166666666666668,60.333333333333336,2.7833333333333337,1008.1666666666666
255,2013-09-13,31.142857142857142,67.14285714285714,3.171428571428572,1007.1428571428572
256,2013-09-14,30.5,67.0,2.7833333333333337,1003.8333333333334
257,2013-09-15,31.625,56.375,3.9375,1001.375
258,2013-09-16,29.666666666666668,60.0,7.100000000000001,1002.3333333333334
259,2013-09-17,29.25,56.5,3.475,1002.875
260,2013-09-18,29.142857142857142,58.57142857142857,5.557142857142858,1003.1428571428572
261,2013-09-19,29.8,61.6,2.96,1001.8
262,2013-09-20,28.666666666666668,70.0,9.583333333333334,1003.0
263,2013-09-21,25.2,89.0,5.18,1003.0
264,2013-09-22,28.33333333333333,79.66666666666667,3.083333333333333,1001.6666666666666
265,2013-09-23,30.285714285714285,68.0,4.5,1001.0
266,2013-09-24,30.75,65.75,5.7875000000000005,1002.75
267,2013-09-25,28.571428571428573,75.0,6.614285714285715,1005.4285714285714
268,2013-09-26,28.2,78.8,4.08,1006.6
269,2013-09-27,29.0,71.25,7.4125,1005.625
270,2013-09-28,30.0,67.33333333333333,1.2333333333333334,1005.3333333333334
271,2013-09-29,28.142857142857142,79.85714285714286,5.557142857142858,1003.8571428571428
272,2013-09-30,26.857142857142858,84.57142857142857,4.228571428571429,1004.7142857142856
273,2013-10-01,28.285714285714285,68.71428571428571,6.371428571428571,1007.7142857142856
274,2013-10-02,29.2,61.4,7.42,1010.0
275,2013-10-03,28.6,59.0,7.4,1008.6
276,2013-10-04,24.83333333333333,84.33333333333333,6.783333333333334,1007.5
277,2013-10-05,28.5,69.0,2.0875,1004.125
278,2013-10-06,29.75,66.5,1.85,1005.25
279,2013-10-07,29.714285714285715,66.57142857142857,1.585714285714286,1008.8571428571428
280,2013-10-08,29.2,69.4,0.0,1009.8
281,2013-10-09,30.83333333333333,65.5,5.566666666666667,1010.3333333333334
282,2013-10-10,29.428571428571427,66.28571428571429,3.971428571428572,1010.8571428571428
283,2013-10-11,23.857142857142858,89.85714285714286,4.242857142857143,1010.5714285714286
284,2013-10-12,26.142857142857142,82.57142857142857,2.914285714285714,1008.2857142857144
285,2013-10-13,27.166666666666668,84.33333333333333,0.6166666666666667,1007.6666666666666
286,2013-10-14,27.714285714285715,74.85714285714286,5.557142857142858,1007.0
287,2013-10-15,25.857142857142858,76.42857142857143,3.7,1009.1428571428572
288,2013-10-16,26.428571428571427,75.0,0.0,1009.0
289,2013-10-17,26.857142857142858,76.71428571428571,1.0571428571428572,1010.4285714285714
290,2013-10-18,26.33333333333333,73.16666666666667,0.0,1010.5
291,2013-10-19,24.571428571428573,69.57142857142857,2.1142857142857143,1011.5714285714286
292,2013-10-20,24.33333333333333,67.83333333333333,1.55,1010.6666666666666
293,2013-10-21,24.875,63.625,1.3875000000000002,1009.875
294,2013-10-22,27.8,53.6,0.0,1011.0
295,2013-10-23,25.0,67.5,1.1625,1013.625
296,2013-10-24,23.857142857142858,73.14285714285714,1.0571428571428572,1013.2857142857144
297,2013-10-25,22.8,75.8,1.86,1011.0
298,2013-10-26,23.0,78.2,0.74,1011.2
299,2013-10-27,22.875,66.875,2.5500000000000003,1010.625
300,2013-10-28,22.666666666666668,63.16666666666666,4.933333333333334,1010.0
301,2013-10-29,23.0,62.71428571428572,3.971428571428571,1011.1428571428572
302,2013-10-30,22.857142857142858,67.42857142857143,2.385714285714286,1012.8571428571428
303,2013-10-31,23.666666666666668,58.833333333333336,3.083333333333333,1012.8333333333334
304,2013-11-01,23.428571428571427,69.14285714285714,1.0571428571428572,1013.2857142857144
305,2013-11-02,21.625,65.0,4.6375,1014.5
306,2013-11-03,20.625,57.875,5.5625,1016.0
307,2013-11-04,21.166666666666668,54.16666666666666,2.466666666666667,1017.5
308,2013-11-05,18.83333333333333,74.33333333333333,0.0,1017.5
309,2013-11-06,20.571428571428573,66.71428571428571,3.185714285714285,1015.8571428571428
310,2013-11-07,20.142857142857142,73.14285714285714,4.500000000000001,1015.6666666666666
311,2013-11-08,18.0,82.2,19.9125,1015.625
312,2013-11-09,19.857142857142858,73.57142857142857,0.5285714285714286,1016.7142857142856
313,2013-11-10,16.833333333333332,72.0,2.466666666666667,1016.0
314,2013-11-11,18.857142857142858,61.85714285714285,5.814285714285715,1013.4285714285714
315,2013-11-12,16.571428571428573,71.71428571428571,0.7999999999999999,1013.8571428571428
316,2013-11-13,17.75,65.0,3.0125,1014.25
317,2013-11-14,17.625,63.375,3.475,1015.25
318,2013-11-15,17.0,67.0,0.925,1016.5
319,2013-11-16,16.625,69.625,0.0,1018.0
320,2013-11-17,15.571428571428571,67.42857142857143,2.3857142857142857,1017.7142857142856
321,2013-11-18,18.5,55.125,7.412500000000001,1016.875
322,2013-11-19,17.875,63.5,7.175,1015.5
323,2013-11-20,18.25,58.875,2.55,1012.75
324,2013-11-21,17.875,66.25,2.0875,1013.125
325,2013-11-22,17.625,74.875,1.1625,1015.75
326,2013-11-23,18.142857142857142,77.85714285714286,0.7999999999999999,1014.5714285714286
327,2013-11-24,19.125,58.875,5.0875,1014.5
328,2013-11-25,21.25,49.875,9.5,1012.875
329,2013-11-26,21.25,51.375,9.75,1011.75
330,2013-11-27,19.125,68.5,2.7875,1014.75
331,2013-11-28,18.625,71.875,1.85,1017.75
332,2013-11-29,17.75,66.625,4.8625,1016.875
333,2013-11-30,17.875,69.625,11.8125,1015.875
334,2013-12-01,18.0,65.0,1.585714285714286,1016.1428571428572
335,2013-12-02,17.25,73.25,1.85,1015.875
336,2013-12-03,17.5,73.5,1.3875,1016.75
337,2013-12-04,17.142857142857142,71.85714285714286,4.228571428571429,1017.0
338,2013-12-05,17.142857142857142,69.0,6.885714285714286,1015.2857142857144
339,2013-12-06,16.125,72.375,3.7125,1014.0
340,2013-12-07,16.0,80.5,1.1625,1014.25
341,2013-12-08,16.5,83.625,0.0,1014.0
342,2013-12-09,16.125,79.25,2.3125,1013.5
343,2013-12-10,15.5,81.75,2.55,1013.75
344,2013-12-11,16.625,71.875,6.475000000000001,1014.125
345,2013-12-12,17.75,62.375,16.9,1012.5
346,2013-12-13,17.142857142857142,67.71428571428571,11.62857142857143,1012.0
347,2013-12-14,16.142857142857142,79.0,0.7999999999999999,1012.5714285714286
348,2013-12-15,15.5,86.25,2.55,1015.125
349,2013-12-16,15.25,89.5,1.1625,1015.625
350,2013-12-17,14.75,92.875,0.925,1014.25
351,2013-12-18,14.875,93.0,2.0875,1012.625
352,2013-12-19,16.125,89.125,3.25,1012.875
353,2013-12-20,15.375,91.375,4.4125000000000005,1016.0
354,2013-12-21,14.75,94.0,0.4625,1017.0
355,2013-12-22,15.25,94.0,1.3875000000000002,1018.375
356,2013-12-23,14.25,88.25,9.025,1020.5
357,2013-12-24,13.5,84.75,5.7875000000000005,1021.375
358,2013-12-25,13.666666666666666,63.16666666666666,34.4875,1020.625
359,2013-12-26,12.125,67.625,4.4,1019.25
360,2013-12-27,11.875,79.875,1.1625,1018.625
361,2013-12-28,10.875,70.0,5.325,1019.25
362,2013-12-29,10.571428571428571,69.42857142857143,5.325,1018.5
363,2013-12-30,12.375,79.5,6.4750000000000005,1018.125
364,2013-12-31,14.5,89.375,4.862500000000001,1020.5
365,2014-01-01,13.375,89.625,7.65,1021.0
366,2014-01-02,11.0,78.375,8.1,1020.25
367,2014-01-03,12.5,74.875,5.325,1017.75
368,2014-01-04,12.875,88.125,1.1625,1016.25
369,2014-01-05,12.375,89.0,0.4625,1014.5
370,2014-01-06,11.428571428571429,86.28571428571429,27.3375,1017.625
371,2014-01-07,12.142857142857142,72.28571428571429,20.6,1017.75
372,2014-01-08,11.875,76.875,1.85,1017.875
373,2014-01-09,12.833333333333334,83.0,1.2333333333333334,1017.0
374,2014-01-10,12.375,85.375,0.0,1016.625
375,2014-01-11,12.125,82.625,6.7250000000000005,1019.625
376,2014-01-12,12.875,80.875,3.2500000000000004,1020.75
377,2014-01-13,14.0,72.375,1.1625,1019.375
378,2014-01-14,14.875,76.75,2.7875,1017.0
379,2014-01-15,12.0,93.5,0.4625,1019.75
380,2014-01-16,12.285714285714286,90.57142857142856,1.585714285714286,1019.5714285714286
381,2014-01-17,12.0,95.75,1.1625,1017.625
382,2014-01-18,12.5,94.25,1.85,1020.25
383,2014-01-19,14.5,84.5,3.475,1023.0
384,2014-01-20,14.625,83.5,4.4125000000000005,1021.375
385,2014-01-21,13.571428571428571,96.85714285714286,7.171428571428572,1020.5714285714286
386,2014-01-22,15.25,96.125,6.7125,1019.875
387,2014-01-23,15.625,90.125,6.7125,1020.25
388,2014-01-24,13.875,88.875,8.1125,1019.25
389,2014-01-25,11.75,95.625,8.3375,1019.75
390,2014-01-26,14.375,85.75,8.8125,1019.125
391,2014-01-27,16.625,72.375,9.95,1018.75
392,2014-01-28,16.625,69.875,7.4125,1016.75
393,2014-01-29,14.875,81.875,4.625000000000001,1018.625
394,2014-01-30,14.5,83.25,0.925,1019.375
395,2014-01-31,14.75,82.5,3.0125,1019.25
396,2014-02-01,14.0,79.375,2.55,1019.75
397,2014-02-02,15.25,76.125,1.85,1016.875
398,2014-02-03,18.428571428571427,63.85714285714285,12.2875,1014.125
399,2014-02-04,18.857142857142858,65.42857142857143,13.425,1011.0
400,2014-02-05,17.0,72.75,1.625,1011.5
401,2014-02-06,18.5,65.375,6.012500000000001,1010.875
402,2014-02-07,19.625,67.25,15.05,1009.25
403,2014-02-08,13.625,85.375,8.1125,1011.375
404,2014-02-09,12.875,63.375,9.2625,1012.0
405,2014-02-10,12.625,61.75,3.7,1012.5
406,2014-02-11,13.375,64.625,3.7,1013.5
407,2014-02-12,13.25,67.0,9.2625,1013.5
408,2014-02-13,15.25,64.5,4.875,1013.625
409,2014-02-14,13.0,95.5,5.3375,1011.875
410,2014-02-15,12.375,89.5,3.9375,1012.875
411,2014-02-16,13.5,79.0,8.7875,1016.0
412,2014-02-17,15.125,66.125,12.725,1017.75
413,2014-02-18,15.25,60.125,8.799999999999999,1017.375
414,2014-02-19,15.125,75.375,1.85,1016.625
415,2014-02-20,16.125,78.625,1.8625,1014.75
416,2014-02-21,17.125,72.25,8.7875,1014.25
417,2014-02-22,16.625,85.625,6.250000000000001,1017.375
418,2014-02-23,16.5,80.0,7.887500000000001,1019.375
419,2014-02-24,16.375,69.375,5.3375,1018.625
420,2014-02-25,18.125,69.0,0.925,1017.25
421,2014-02-26,18.75,71.125,2.0875,1014.25
422,2014-02-27,18.625,76.625,7.175000000000001,1013.125
423,2014-02-28,15.625,88.375,5.799999999999999,1013.125
424,2014-03-01,16.142857142857142,87.28571428571429,4.242857142857143,1015.2857142857144
425,2014-03-02,16.125,79.0,5.7875000000000005,1017.125
426,2014-03-03,17.875,65.625,3.7,1016.25
427,2014-03-04,18.75,66.375,3.7125,1016.5
428,2014-03-05,18.875,67.0,5.325000000000001,1016.125
429,2014-03-06,18.375,64.0,4.6375,1016.375
430,2014-03-07,18.5,62.875,6.7125,1017.125
431,2014-03-08,19.875,63.875,9.9625,1017.0
432,2014-03-09,22.0,56.625,7.65,1014.5
433,2014-03-10,20.0,63.875,10.8875,1014.375
434,2014-03-11,20.714285714285715,70.0,15.6,1013.7142857142856
435,2014-03-12,20.0,68.875,6.4875,1016.25
436,2014-03-13,19.0,60.625,9.95,1016.25
437,2014-03-14,19.625,61.25,5.800000000000001,1015.0
438,2014-03-15,21.625,62.625,2.7875,1016.375
439,2014-03-16,23.125,58.5,6.25,1015.375
440,2014-03-17,26.25,52.125,6.7125,1011.25
441,2014-03-18,24.857142857142858,53.42857142857143,9.8,1012.8571428571428
442,2014-03-19,21.75,57.375,10.1875,1013.25
443,2014-03-20,21.5,55.0,7.4,1010.75
444,2014-03-21,22.5,64.75,5.3375,1007.125
445,2014-03-22,25.0,59.5,3.0125,1007.0
446,2014-03-23,22.75,61.875,9.025,1010.625
447,2014-03-24,22.375,73.125,9.4875,1011.625
448,2014-03-25,24.625,60.25,2.775,1010.5
449,2014-03-26,25.125,58.875,2.7750000000000004,1010.625
450,2014-03-27,23.5,63.25,4.8875,1011.75
451,2014-03-28,24.428571428571427,67.57142857142857,4.5,1011.1428571428572
452,2014-03-29,25.875,55.625,8.35,1011.25
453,2014-03-30,24.125,46.75,13.9,1009.875
454,2014-03-31,24.125,44.125,13.2,1008.25
455,2014-04-01,24.875,45.75,9.7125,1006.125
456,2014-04-02,26.75,43.375,7.175,1005.75
457,2014-04-03,25.0,48.0,10.425,1010.375
458,2014-04-04,25.857142857142858,47.85714285714285,11.914285714285716,1009.8571428571428
459,2014-04-05,27.375,44.0,9.2625,1008.875
460,2014-04-06,30.125,45.25,6.7125,1007.5
461,2014-04-07,27.25,47.625,12.9625,1009.625
462,2014-04-08,25.75,41.875,12.725,1010.375
463,2014-04-09,25.75,35.25,12.7375,1010.25
464,2014-04-10,26.375,29.25,12.500000000000002,1010.875
465,2014-04-11,28.142857142857142,29.0,10.05714285714286,1008.5714285714286
466,2014-04-12,29.125,39.875,5.1000000000000005,1007.125
467,2014-04-13,26.875,40.375,15.5125,1009.625
468,2014-04-14,27.625,46.625,5.3500000000000005,1010.625
469,2014-04-15,29.0,48.125,2.55,1009.125
470,2014-04-16,27.125,53.625,4.4,1008.25
471,2014-04-17,26.375,49.625,9.25,1007.0
472,2014-04-18,24.25,64.375,14.3375,1011.625
473,2014-04-19,25.625,57.875,5.1,1011.375
474,2014-04-20,27.0,48.0,4.6375,1010.5
475,2014-04-21,28.0,33.125,8.8125,1010.0
476,2014-04-22,29.375,29.375,12.5,1011.75
477,2014-04-23,29.125,37.0,6.025,1009.0
478,2014-04-24,29.375,35.875,7.875,1005.875
479,2014-04-25,30.625,34.375,8.1125,1006.125
480,2014-04-26,31.5,32.0,8.1125,1006.375
481,2014-04-27,30.625,30.0,8.350000000000001,1007.125
482,2014-04-28,31.5,27.875,10.1875,1005.625
483,2014-04-29,32.125,28.875,8.325,1003.875
484,2014-04-30,33.25,25.5,5.3375,1003.75
485,2014-05-01,34.875,22.5,9.7375,1001.5
486,2014-05-02,34.375,24.75,6.4875,1001.875
487,2014-05-03,31.75,33.375,6.475,1003.625
488,2014-05-04,31.875,34.375,5.8,1003.0
489,2014-05-05,29.75,53.25,9.0375,1005.75
490,2014-05-06,29.571428571428573,51.142857142857146,6.885714285714287,1006.8571428571428
491,2014-05-07,31.75,48.625,1.85,1004.25
492,2014-05-08,31.375,43.0,10.6625,1002.625
493,2014-05-09,30.5,39.625,6.487500000000001,1000.4285714285714
494,2014-05-10,30.0,37.625,7.8875,1000.75
495,2014-05-11,29.625,40.375,7.65,1004.0
496,2014-05-12,28.0,53.375,10.8875,1004.875
497,2014-05-13,25.25,65.75,9.9625,1008.375
498,2014-05-14,26.875,55.25,8.575000000000001,1006.5
499,2014-05-15,29.5,39.875,11.125,1004.25
500,2014-05-16,31.125,40.25,9.4875,1003.5
501,2014-05-17,29.875,47.625,7.175000000000001,1007.0
502,2014-05-18,31.5,35.375,13.9,1007.375
503,2014-05-19,32.375,29.5,11.575000000000005,1006.625
504,2014-05-20,31.125,34.0,7.6375,1006.625
505,2014-05-21,33.0,32.5,9.7125,1002.125
506,2014-05-22,33.25,33.375,11.1125,999.5
507,2014-05-23,34.625,32.75,19.450000000000003,1000.0
508,2014-05-24,31.5,50.5,6.725,1004.125
509,2014-05-25,31.5,43.25,16.4375,1005.5
510,2014-05-26,30.125,54.125,4.175,1007.125
511,2014-05-27,31.875,49.75,2.55,1004.75
512,2014-05-28,33.625,44.5,3.95,1001.25
513,2014-05-29,35.25,40.125,4.4,999.375
514,2014-05-30,33.125,44.5,11.5875,999.5714285714286
515,2014-05-31,34.625,39.0,6.4875,999.625
516,2014-06-01,32.75,34.25,16.2,1003.25
517,2014-06-02,32.75,41.375,4.6375,1003.25
518,2014-06-03,34.875,33.625,6.487500000000001,1000.0
519,2014-06-04,35.25,33.125,7.1875,998.125
520,2014-06-05,36.875,26.875,8.5625,996.125
521,2014-06-06,37.5,27.625,10.2,994.875
522,2014-06-07,38.5,22.75,13.1875,994.0
523,2014-06-08,37.625,26.25,6.7250000000000005,993.125
524,2014-06-09,37.875,32.125,6.025,993.125
525,2014-06-10,37.25,20.875,12.0375,994.75
526,2014-06-11,37.625,23.125,14.8125,995.625
527,2014-06-12,32.875,39.25,24.325,997.0
528,2014-06-13,30.25,55.125,16.6625,997.625
529,2014-06-14,30.5,66.875,6.487500000000001,997.375
530,2014-06-15,33.875,52.0,8.1,997.125
531,2014-06-16,36.375,41.375,10.8875,995.625
532,2014-06-17,36.875,42.125,15.9625,994.125
533,2014-06-18,33.875,58.0,10.425,994.25
534,2014-06-19,35.75,47.875,10.8875,993.25
535,2014-06-20,38.0,36.125,17.825,991.375
536,2014-06-21,36.875,40.125,9.7375,993.875
537,2014-06-22,34.5,46.75,4.4,996.375
538,2014-06-23,32.125,49.75,6.7125,996.25
539,2014-06-24,33.0,46.25,10.1875,995.5
540,2014-06-25,32.25,53.25,13.2,997.625
541,2014-06-26,32.5,60.375,3.2375,1001.0
542,2014-06-27,34.75,48.5,9.4875,1001.625
543,2014-06-28,34.875,49.0,5.7875,999.375
544,2014-06-29,33.0,57.75,9.7125,997.75
545,2014-06-30,32.0,67.75,3.25,997.5
546,2014-07-01,31.375,65.125,6.25,1000.875
547,2014-07-02,29.5,71.375,5.787500000000001,1001.125
548,2014-07-03,28.875,75.125,5.0875,998.2857142857144
549,2014-07-04,31.38888888888889,69.0,4.333333333333333,998.7777777777778
550,2014-07-05,34.705882352941174,52.05882352941177,9.202941176470588,1000.7058823529412
551,2014-07-06,30.625,61.125,3.7125,1000.5
552,2014-07-07,34.0,48.75,5.5625,998.25
553,2014-07-08,35.0,39.5,9.725,996.875
554,2014-07-09,36.0,37.125,13.65,996.5
555,2014-07-10,36.125,38.75,11.3375,996.875
556,2014-07-11,36.625,38.625,8.7875,996.125
557,2014-07-12,35.875,51.375,5.3375,996.0
558,2014-07-13,31.625,69.75,6.025,998.0
559,2014-07-14,32.375,67.875,6.725,997.125
560,2014-07-15,33.125,62.625,8.825000000000001,996.0
561,2014-07-16,32.625,63.0,10.45,997.25
562,2014-07-17,30.75,74.25,6.7250000000000005,996.125
563,2014-07-18,27.25,83.875,2.55,994.875
564,2014-07-19,29.875,71.0,6.25,995.125
565,2014-07-20,30.875,68.875,6.262499999999999,996.75
566,2014-07-21,32.125,65.5,4.65,996.0
567,2014-07-22,31.625,69.75,7.175,997.0
568,2014-07-23,30.625,72.875,8.1125,997.75
569,2014-07-24,30.5,63.625,12.0375,998.7142857142856
570,2014-07-25,30.75,63.25,9.9625,1000.75
571,2014-07-26,32.5,61.5,7.175,1001.875
572,2014-07-27,31.714285714285715,65.42857142857143,6.25,1001.875
573,2014-07-28,30.0,75.75,18.05,999.375
574,2014-07-29,30.25,69.875,5.7875000000000005,999.25
575,2014-07-30,31.875,65.75,4.175000000000001,999.5714285714286
576,2014-07-31,32.5,65.75,7.425,999.625
577,2014-08-01,33.25,59.5,6.500000000000001,998.0
578,2014-08-02,30.125,77.75,0.925,997.125
579,2014-08-03,31.5,66.25,5.7875000000000005,995.375
580,2014-08-04,30.5,69.75,5.1000000000000005,996.125
581,2014-08-05,29.75,77.5,1.85,997.5
582,2014-08-06,32.125,65.0,5.5625,996.875
583,2014-08-07,31.125,65.375,6.949999999999999,997.0
584,2014-08-08,31.0,67.875,6.012500000000001,998.375
585,2014-08-09,29.235294117647054,80.47058823529412,6.652941176470588,1001.6470588235294
586,2014-08-10,28.5,89.90625,5.2250000000000005,1002.15625
587,2014-08-11,31.125,72.125,3.0125,999.875
588,2014-08-12,32.125,57.5,8.3375,998.75
589,2014-08-13,32.125,57.71428571428572,20.825,998.25
590,2014-08-14,30.375,57.5,18.5125,997.375
591,2014-08-15,31.125,54.875,14.5875,998.875
592,2014-08-16,30.428571428571427,59.85714285714285,8.35,1002.5
593,2014-08-17,31.375,53.875,7.1875,1003.25
594,2014-08-18,31.875,56.625,5.5625,1005.375
595,2014-08-19,33.0,52.42857142857143,6.885714285714286,1004.8571428571428
596,2014-08-20,33.25,47.125,8.7875,1002.375
597,2014-08-21,32.5,43.0,10.8875,1001.25
598,2014-08-22,33.0,47.125,8.5625,1002.8571428571428
599,2014-08-23,33.125,45.75,9.2625,1003.25
600,2014-08-24,33.125,46.25,11.35,1002.875
601,2014-08-25,33.875,46.625,7.874999999999999,1002.375
602,2014-08-26,34.125,40.25,9.9625,1001.375
603,2014-08-27,33.857142857142854,44.71428571428572,8.112499999999999,1001.125
604,2014-08-28,29.625,67.75,6.7250000000000005,1003.75
605,2014-08-29,30.375,69.25,3.7,1003.5
606,2014-08-30,28.625,78.125,4.1625,1002.625
607,2014-08-31,27.625,86.125,4.4125,1001.25
608,2014-09-01,29.428571428571427,65.85714285714286,15.5125,1001.125
609,2014-09-02,29.25,71.0,10.425,1001.875
610,2014-09-03,28.625,77.875,15.0375,1001.4285714285714
611,2014-09-04,27.875,80.75,9.275,1000.375
612,2014-09-05,26.5,85.75,8.337499999999999,1000.1428571428572
613,2014-09-06,28.5,76.875,2.0875,1002.375
614,2014-09-07,31.0,67.625,1.4,1003.25
615,2014-09-08,31.25,66.375,3.475,1003.125
616,2014-09-09,31.0,70.125,1.85,1002.375
617,2014-09-10,28.75,77.5,4.875,1003.25
618,2014-09-11,26.571428571428573,85.71428571428571,17.825,1005.5714285714286
619,2014-09-12,28.5,73.0,1.625,1005.125
620,2014-09-13,29.375,68.25,4.1625,1004.0
621,2014-09-14,29.125,65.5,6.712500000000001,1004.25
622,2014-09-15,29.625,63.125,6.7125,1004.25
623,2014-09-16,30.625,65.125,6.25,1002.25
624,2014-09-17,30.625,61.875,7.4,1002.125
625,2014-09-18,30.5,62.375,6.7125,1003.875
626,2014-09-19,31.0,56.625,4.175000000000001,1003.5
627,2014-09-20,31.125,55.75,4.4,1002.875
628,2014-09-21,30.5,54.875,5.5625,1003.625
629,2014-09-22,30.625,50.0,13.437499999999998,1004.5
630,2014-09-23,31.0,47.0,30.685714285714283,1004.2857142857144
631,2014-09-24,29.625,53.0,8.1,1006.25
632,2014-09-25,30.0,52.5,9.725,1007.75
633,2014-09-26,30.0,52.5,5.7875,1008.125
634,2014-09-27,30.5,46.875,8.799999999999999,1009.25
635,2014-09-28,30.25,48.875,7.175,1009.625
636,2014-09-29,30.5,48.75,7.4125,1009.125
637,2014-09-30,30.625,50.125,6.712500000000001,1009.625
638,2014-10-01,30.428571428571427,52.85714285714285,3.1714285714285717,1010.4285714285714
639,2014-10-02,30.375,53.375,2.7875,1009.125
640,2014-10-03,30.5,52.625,1.85,1008.0
641,2014-10-04,31.0,53.5,0.0,1008.5
642,2014-10-05,30.625,56.125,0.0,1010.375
643,2014-10-06,30.625,56.75,0.0,1010.125
644,2014-10-07,31.0,59.375,1.1625,1008.375
645,2014-10-08,28.75,52.75,3.7125,1009.875
646,2014-10-09,27.625,49.875,3.2375,1010.125
647,2014-10-10,27.125,57.375,3.2375000000000003,1008.75
648,2014-10-11,25.714285714285715,57.142857142857146,6.9375,1008.25
649,2014-10-12,26.0,58.625,0.4625,1008.375
650,2014-10-13,27.625,59.75,8.799999999999999,1009.875
651,2014-10-14,24.5,67.625,5.325000000000001,1010.875
652,2014-10-15,24.5,68.0,3.2625,1013.375
653,2014-10-16,23.0,58.875,4.862500000000001,1014.0
654,2014-10-17,25.0,47.66666666666666,25.0125,1013.625
655,2014-10-18,24.0,56.142857142857146,21.3,1012.875
656,2014-10-19,23.75,57.75,4.1625,1012.625
657,2014-10-20,24.75,55.625,4.4,1013.125
658,2014-10-21,25.625,56.125,2.0875,1014.625
659,2014-10-22,25.75,64.875,0.4625,1014.5
660,2014-10-23,25.25,66.0,0.925,1012.75
661,2014-10-24,25.5,67.5,1.85,1011.75
662,2014-10-25,25.25,67.125,0.925,1012.375
663,2014-10-26,25.125,65.5,2.0875000000000004,1014.875
664,2014-10-27,24.875,62.875,1.8625,1013.75
665,2014-10-28,25.125,64.75,2.5625,1012.0
666,2014-10-29,24.75,65.75,1.625,1012.125
667,2014-10-30,23.875,61.375,1.85,1014.5
668,2014-10-31,23.375,58.25,3.7125,1013.625
669,2014-11-01,22.5,50.875,5.325000000000001,1014.125
670,2014-11-02,22.875,49.125,7.1875,1014.5
671,2014-11-03,23.375,52.75,4.1625,1013.5
672,2014-11-04,23.625,56.625,3.9375,1012.125
673,2014-11-05,22.75,56.25,4.625,1012.375
674,2014-11-06,23.0,56.25,6.25,1011.625
675,2014-11-07,24.0,66.125,2.3125,1012.875
676,2014-11-08,23.875,66.25,1.625,1014.625
677,2014-11-09,24.125,56.375,4.1625,1015.125
678,2014-11-10,21.375,52.125,3.4750000000000005,1014.0
679,2014-11-11,19.25,55.125,2.325,1014.75
680,2014-11-12,19.625,52.0,2.3125,1015.875
681,2014-11-13,18.5,50.5,3.2375,1016.5
682,2014-11-14,18.375,43.0,7.4125,1016.375
683,2014-11-15,18.625,44.75,2.775,1014.875
684,2014-11-16,18.25,47.625,2.55,1015.375
685,2014-11-17,17.75,51.75,2.7750000000000004,1016.125
686,2014-11-18,17.625,53.0,2.0875,1017.875
687,2014-11-19,17.5,58.125,1.1625,1016.5
688,2014-11-20,20.375,54.625,3.0250000000000004,1013.375
689,2014-11-21,18.25,62.125,3.2375,1012.75
690,2014-11-22,19.875,58.875,1.625,1011.375
691,2014-11-23,17.125,57.375,1.3875,1014.625
692,2014-11-24,16.875,52.25,4.175000000000001,1016.0
693,2014-11-25,16.5,51.5,2.55,1014.875
694,2014-11-26,19.625,51.0,5.550000000000001,1009.875
695,2014-11-27,18.125,63.875,0.0,1011.75
696,2014-11-28,19.375,67.375,0.0,1012.5
697,2014-11-29,20.25,67.625,0.0,1012.375
698,2014-11-30,19.75,54.75,2.55,1014.0
699,2014-12-01,20.0,42.625,8.799999999999999,1013.75
700,2014-12-02,21.375,47.625,7.875000000000001,1012.75
701,2014-12-03,25.0,66.57142857142857,11.37142857142857,1007.0
702,2014-12-04,21.25,68.875,4.862500000000001,1010.375
703,2014-12-05,17.75,59.875,2.55,1017.125
704,2014-12-06,18.25,48.875,4.8625,1016.375
705,2014-12-07,17.25,48.375,4.862500000000001,1014.75
706,2014-12-08,17.0,49.875,2.775,1015.0
707,2014-12-09,15.285714285714286,67.57142857142857,0.0,1016.8571428571428
708,2014-12-10,21.5,65.5,4.8625,1010.5
709,2014-12-11,19.625,70.5,3.25,1011.625
710,2014-12-12,17.5,65.625,0.4625,1014.375
711,2014-12-13,16.0,71.875,8.8,1016.125
712,2014-12-14,16.875,86.625,3.95,1014.5
713,2014-12-15,16.625,75.75,2.325,1016.125
714,2014-12-16,17.75,72.375,7.425000000000001,1017.375
715,2014-12-17,12.875,72.125,6.4875,1020.25
716,2014-12-18,11.75,79.75,3.0125,1021.375
717,2014-12-19,11.75,81.75,0.4625,1022.125
718,2014-12-20,11.25,77.0,5.800000000000001,1018.75
719,2014-12-21,9.5,79.125,0.925,1018.0
720,2014-12-22,9.375,85.0,1.3875000000000002,1017.125
721,2014-12-23,9.625,78.625,1.625,1017.875
722,2014-12-24,9.875,83.0,3.4750000000000005,1021.25
723,2014-12-25,9.25,81.125,8.100000000000001,1020.125
724,2014-12-26,10.75,77.0,7.6375,1017.75
725,2014-12-27,10.375,69.0,2.775,1018.625
726,2014-12-28,9.0,86.0,0.7,1019.75
727,2014-12-29,11.125,72.625,1.3875,1017.25
728,2014-12-30,11.625,70.625,2.55,1014.625
729,2014-12-31,12.375,67.125,2.7875,1016.875
730,2015-01-01,14.75,72.0,0.925,1017.5
731,2015-01-02,14.875,96.625,3.0125,1017.875
732,2015-01-03,15.125,92.0,0.925,1017.375
733,2015-01-04,14.125,78.75,9.5125,1019.625
734,2015-01-05,14.0,69.375,15.05,1016.0
735,2015-01-06,12.0,79.875,4.4,1015.5
736,2015-01-07,9.625,86.0,3.9375,1016.625
737,2015-01-08,10.0,87.875,3.4875,1019.125
738,2015-01-09,10.625,80.625,1.625,1020.125
739,2015-01-10,11.125,73.125,4.4125000000000005,1018.875
740,2015-01-11,11.0,80.75,4.8625,1019.125
741,2015-01-12,10.625,79.5,0.925,1019.5
742,2015-01-13,12.25,77.875,4.875,1017.125
743,2015-01-14,12.0,82.25,5.1000000000000005,1017.5
744,2015-01-15,12.375,79.125,0.925,1019.375
745,2015-01-16,13.0,78.125,4.6375,1019.25
746,2015-01-17,13.5,76.625,1.8625,1019.25
747,2015-01-18,13.0,73.875,2.5500000000000003,1018.75
748,2015-01-19,13.75,78.0,1.85,1018.875
749,2015-01-20,13.375,74.375,7.1875,1020.0
750,2015-01-21,13.25,73.375,3.7,1021.0
751,2015-01-22,12.625,94.125,3.2375,1020.625
752,2015-01-23,14.625,85.0,1.1625,1020.0
753,2015-01-24,12.375,86.25,9.7375,1020.75
754,2015-01-25,13.25,77.75,4.1625,1020.375
755,2015-01-26,13.75,88.125,0.925,1019.875
756,2015-01-27,13.25,74.25,5.3375,1019.3333333333334
757,2015-01-28,11.714285714285714,67.0,27.775,1018.25
758,2015-01-29,11.5,67.5,3.9375,1019.75
759,2015-01-30,12.75,56.125,12.0375,1020.375
760,2015-01-31,13.75,57.625,9.025,1017.875
761,2015-02-01,15.0,65.25,5.1000000000000005,1017.75
762,2015-02-02,17.375,63.875,11.8125,1017.5
763,2015-02-03,16.75,71.25,7.175000000000002,1020.5
764,2015-02-04,14.625,81.125,9.25,1022.0
765,2015-02-05,14.625,62.875,7.399999999999999,1019.25
766,2015-02-06,15.125,62.625,3.0125,1019.0
767,2015-02-07,15.875,67.625,1.85,1017.0
768,2015-02-08,16.625,63.875,4.4125000000000005,1017.375
769,2015-02-09,16.875,63.5,5.55,1019.75
770,2015-02-10,15.75,64.0,4.625,1019.75
771,2015-02-11,16.0,66.625,1.85,1017.125
772,2015-02-12,15.5,69.625,6.025,1016.125
773,2015-02-13,17.25,59.0,6.725,1012.625
774,2015-02-14,19.375,63.125,4.1625,1009.625
775,2015-02-15,18.875,70.125,1.3875000000000002,1012.625
776,2015-02-16,20.625,71.25,10.425,1013.625
777,2015-02-17,21.142857142857142,72.57142857142857,5.028571428571429,1011.8571428571428
778,2015-02-18,21.25,72.875,5.1000000000000005,1011.75
779,2015-02-19,22.75,73.5,7.65,1012.0
780,2015-02-20,22.75,67.125,7.187500000000001,1013.875
781,2015-02-21,21.875,63.5,11.3375,1014.125
782,2015-02-22,22.142857142857142,58.85714285714285,14.812499999999998,1013.375
783,2015-02-23,21.5,74.375,3.0250000000000004,1014.25
784,2015-02-24,22.875,72.375,6.0375,1010.625
785,2015-02-25,23.125,58.625,6.5,1008.5
786,2015-02-26,20.0,34.375,6.7125,1009.875
787,2015-02-27,19.25,43.125,5.800000000000001,1013.0
788,2015-02-28,21.25,45.5,6.950000000000001,1013.0
789,2015-03-01,17.375,92.75,14.8125,1011.125
790,2015-03-02,17.5,89.875,6.725,1012.5
791,2015-03-03,16.25,82.5,5.5625,1013.75
792,2015-03-04,16.75,69.25,6.7125,1014.0
793,2015-03-05,18.75,64.0,3.7,1015.75
794,2015-03-06,20.0,62.375,5.0875,1016.375
795,2015-03-07,18.375,80.375,4.175,1013.7142857142856
796,2015-03-08,19.5,74.125,7.8875,1015.375
797,2015-03-09,18.125,54.25,12.2625,1021.0
798,2015-03-10,17.75,68.5,8.5625,1019.125
799,2015-03-11,18.25,69.875,6.025,1018.125
800,2015-03-12,20.5,63.375,5.325000000000001,1017.0
801,2015-03-13,21.375,65.25,4.175000000000001,1014.75
802,2015-03-14,21.5,64.625,7.875,1015.125
803,2015-03-15,17.625,89.125,11.575,1015.5
804,2015-03-16,19.857142857142858,81.85714285714286,8.5625,1017.375
805,2015-03-17,20.875,70.375,13.2,1015.875
806,2015-03-18,20.25,69.625,12.2625,1013.5
807,2015-03-19,21.125,66.0,5.3375,1014.875
808,2015-03-20,22.5,65.75,9.025,1014.875
809,2015-03-21,24.875,60.5,5.7875,1014.875
810,2015-03-22,25.125,64.0,10.2,1012.0
811,2015-03-23,24.75,65.75,7.637499999999999,1010.0
812,2015-03-24,25.75,65.5,1.3875000000000002,1010.25
813,2015-03-25,26.625,65.625,2.55,1011.8571428571428
814,2015-03-26,28.5,54.375,9.2625,1013.0
815,2015-03-27,27.375,51.375,7.65,1012.0
816,2015-03-28,27.0,53.625,3.7125,1009.625
817,2015-03-29,25.0,52.75,13.1875,1008.625
818,2015-03-30,23.5,66.25,14.8125,1010.375
819,2015-03-31,25.25,64.875,3.7,1010.1428571428572
820,2015-04-01,26.428571428571427,59.71428571428572,6.7125,1007.5
821,2015-04-02,28.714285714285715,45.285714285714285,10.175,1004.625
822,2015-04-03,24.5,71.125,6.9625,1004.75
823,2015-04-04,21.0,77.5,1.3875000000000002,1005.25
824,2015-04-05,23.571428571428573,67.71428571428571,17.6,1007.75
825,2015-04-06,25.0,60.125,2.775,1007.75
826,2015-04-07,23.75,62.125,9.7375,1010.25
827,2015-04-08,25.625,50.375,6.712500000000001,1012.0
828,2015-04-09,26.0,52.875,9.0375,1010.5
829,2015-04-10,27.125,52.25,6.25,1008.5
830,2015-04-11,28.25,44.875,8.1,1008.375
831,2015-04-12,24.375,63.0,5.325,1012.375
832,2015-04-13,24.75,70.875,6.950000000000001,1013.75
833,2015-04-14,26.25,62.75,3.0125,1012.75
834,2015-04-15,27.625,59.25,5.7875000000000005,1012.875
835,2015-04-16,25.25,58.25,8.1125,1013.875
836,2015-04-17,28.125,48.75,8.3375,1007.125
837,2015-04-18,30.125,44.5,5.562500000000001,1002.375
838,2015-04-19,32.125,41.0,4.175,1003.875
839,2015-04-20,32.875,37.875,7.1875,1005.75
840,2015-04-21,31.75,28.5,11.1125,1005.625
841,2015-04-22,30.75,30.25,11.349999999999998,1003.125
842,2015-04-23,30.75,33.0,8.1,1004.0
843,2015-04-24,31.125,39.5,2.5500000000000003,1004.375
844,2015-04-25,30.5,43.125,12.975,1005.875
845,2015-04-26,28.75,51.125,15.7375,1008.0
846,2015-04-27,30.125,53.0,17.5875,1006.75
847,2015-04-28,31.0,48.25,12.5125,1004.5
848,2015-04-29,31.25,47.25,9.025,1005.0
849,2015-04-30,32.625,44.75,15.05,1004.0
850,2015-05-01,31.25,43.5,5.3375,1005.875
851,2015-05-02,30.125,40.25,4.4,1006.25
852,2015-05-03,31.0,39.25,3.0125,1006.625
853,2015-05-04,30.875,39.25,3.9375,1006.625
854,2015-05-05,32.125,31.125,7.649999999999999,1003.875
855,2015-05-06,34.125,22.0,11.3625,1001.875
856,2015-05-07,35.42857142857143,13.428571428571429,15.342857142857143,1003.5714285714286
857,2015-05-08,34.125,22.375,12.275,1003.25
858,2015-05-09,35.125,27.0,8.3375,1001.625
859,2015-05-10,35.125,25.0,6.9625,1001.375
860,2015-05-11,34.0,32.625,10.8875,1003.625
861,2015-05-12,33.125,46.0,6.0375000000000005,1004.875
862,2015-05-13,27.75,61.0,6.7125,1006.125
863,2015-05-14,29.625,49.625,4.4125,1007.25
864,2015-05-15,28.5,52.125,7.175000000000001,1006.5
865,2015-05-16,30.0,51.625,4.1625,1003.25
866,2015-05-17,33.25,40.375,8.35,1001.125
867,2015-05-18,35.375,35.75,5.562500000000001,1000.0
868,2015-05-19,31.5,44.0,14.812500000000002,1002.125
869,2015-05-20,33.125,31.625,14.6,1002.0
870,2015-05-21,35.625,24.625,11.3375,1000.375
871,2015-05-22,36.25,19.5,12.5125,998.125
872,2015-05-23,37.375,21.75,12.725,996.125
873,2015-05-24,36.0,29.25,5.1000000000000005,997.375
874,2015-05-25,37.75,22.25,10.875,996.875
875,2015-05-26,35.25,26.625,17.125,1001.5
876,2015-05-27,33.75,20.5,6.7125,1001.25
877,2015-05-28,34.75,29.5,8.3375,1000.625
878,2015-05-29,35.125,27.25,8.125,1001.625
879,2015-05-30,32.25,38.75,12.2625,1003.875
880,2015-05-31,34.25,25.0,14.5875,1001.75
881,2015-06-01,29.375,41.75,12.5125,1003.25
882,2015-06-02,31.625,39.25,8.575,1003.5
883,2015-06-03,28.625,50.5,6.7250000000000005,1004.625
884,2015-06-04,31.875,48.375,4.8625,1004.0
885,2015-06-05,32.625,39.875,6.0125,1003.5
886,2015-06-06,33.375,39.75,7.862500000000001,1001.375
887,2015-06-07,35.0,36.25,7.175000000000001,999.25
888,2015-06-08,36.5,33.0,6.25,998.875
889,2015-06-09,37.625,23.875,18.75,998.875
890,2015-06-10,36.625,32.285714285714285,18.05,999.625
891,2015-06-11,35.625,34.75,18.2875,1000.0
892,2015-06-12,35.875,34.625,12.7375,998.5
893,2015-06-13,31.125,48.125,10.1875,998.8571428571428
894,2015-06-14,27.0,77.625,3.95,1000.2857142857144
895,2015-06-15,31.0,60.75,3.0125,999.5714285714286
896,2015-06-16,32.375,52.125,2.7875,999.1428571428572
897,2015-06-17,33.875,49.75,3.25,998.0
898,2015-06-18,35.125,45.125,3.0125,997.625
899,2015-06-19,35.875,46.75,8.575,996.25
900,2015-06-20,33.125,48.5,12.975,997.875
901,2015-06-21,30.375,63.625,8.1125,998.125
902,2015-06-22,32.125,59.5,4.4,995.625
903,2015-06-23,31.5,61.625,6.012500000000001,995.0
904,2015-06-24,37.25,63.875,6.5,995.375
905,2015-06-25,26.625,82.75,6.2625,994.75
906,2015-06-26,31.125,54.25,11.5625,995.25
907,2015-06-27,32.625,48.25,14.1125,997.125
908,2015-06-28,34.25,47.5,9.0375,1000.2857142857144
909,2015-06-29,31.125,56.625,11.562500000000002,1003.625
910,2015-06-30,30.875,58.625,9.9625,1002.625
911,2015-07-01,32.0,53.25,4.175000000000001,1001.875
912,2015-07-02,33.75,45.875,6.949999999999999,1001.125
913,2015-07-03,33.0,49.0,14.35,999.625
914,2015-07-04,34.125,51.5,16.900000000000002,997.5
915,2015-07-05,35.714285714285715,47.285714285714285,14.014285714285714,995.4285714285714
916,2015-07-06,27.875,83.25,9.275,997.875
917,2015-07-07,28.125,86.125,1.85,998.125
918,2015-07-08,31.25,72.0,2.7750000000000004,998.625
919,2015-07-09,29.625,77.25,2.55,998.625
920,2015-07-10,26.625,92.125,6.025,998.75
921,2015-07-11,25.5,98.0,3.2375000000000003,999.3333333333334
922,2015-07-12,25.5,94.75,7.425000000000001,998.625
923,2015-07-13,29.875,73.125,4.8625,1000.625
924,2015-07-14,30.875,67.875,10.875,997.8571428571428
925,2015-07-15,33.375,52.875,17.137500000000003,993.75
926,2015-07-16,31.75,61.375,13.437499999999998,994.75
927,2015-07-17,30.75,75.625,4.4,997.25
928,2015-07-18,29.5,78.875,4.175,998.0
929,2015-07-19,30.125,70.0,0.7,997.625
930,2015-07-20,29.125,78.0,4.8625,999.125
931,2015-07-21,31.375,69.25,8.125,1000.0
932,2015-07-22,32.25,64.125,7.875000000000002,1001.125
933,2015-07-23,32.125,64.875,8.575000000000001,1001.75
934,2015-07-24,32.0,64.75,6.7125,1001.0
935,2015-07-25,30.857142857142858,71.0,19.9125,998.5714285714286
936,2015-07-26,30.0,71.625,16.8875,998.875
937,2015-07-27,29.625,69.0,11.3375,1000.2857142857144
938,2015-07-28,29.5,61.0,11.5875,1000.125
939,2015-07-29,28.5,68.125,10.875,998.0
940,2015-07-30,29.0,67.75,9.9625,998.875
941,2015-07-31,29.0,71.0,4.175000000000001,999.75
942,2015-08-01,28.25,71.75,0.925,1002.75
943,2015-08-02,29.625,69.5,2.55,1003.625
944,2015-08-03,31.5,58.625,5.325,1001.875
945,2015-08-04,29.428571428571427,77.78571428571429,4.771428571428572,1000.0714285714286
946,2015-08-05,29.59375,79.65625,8.221875,1000.28125
947,2015-08-06,29.5,79.125,3.0250000000000004,998.0
948,2015-08-07,29.25,83.0,2.3125,1000.0
949,2015-08-08,28.875,84.875,1.625,1002.0
950,2015-08-09,27.375,90.125,3.0125,1000.25
951,2015-08-10,30.375,77.0,0.0,1000.0
952,2015-08-11,28.375,86.625,0.4625,1003.0
953,2015-08-12,30.75,74.25,0.0,1003.125
954,2015-08-13,32.0,69.5,0.4625,1001.875
955,2015-08-14,30.875,72.625,3.475,1002.0
956,2015-08-15,28.5,85.5,0.0,1002.75
957,2015-08-16,28.625,82.625,1.85,1002.875
958,2015-08-17,30.75,72.625,0.7,1001.375
959,2015-08-18,29.125,72.875,4.875,1002.5714285714286
960,2015-08-19,31.25,61.25,33.325,1002.375
961,2015-08-20,30.75,58.625,14.6,1001.375
962,2015-08-21,29.375,72.0,8.575,1002.0
963,2015-08-22,30.25,65.375,5.800000000000001,1000.875
964,2015-08-23,29.875,69.375,5.5625,1000.8571428571428
965,2015-08-24,30.75,65.625,7.1875,1001.75
966,2015-08-25,32.0,57.285714285714285,10.071428571428571,1001.0
967,2015-08-26,32.0,61.0,4.862500000000001,1001.125
968,2015-08-27,32.5,61.0,5.325000000000001,1002.0
969,2015-08-28,32.0,63.5,2.3125,1002.25
970,2015-08-29,32.25,58.0,5.812500000000001,1001.375
971,2015-08-30,32.625,56.5,9.275,1001.375
972,2015-08-31,31.857142857142858,54.42857142857143,13.485714285714286,1001.8333333333334
973,2015-09-01,32.125,47.625,15.275,1000.8571428571428
974,2015-09-02,31.875,45.625,12.7375,1001.75
975,2015-09-03,31.625,49.125,10.1875,1005.5
976,2015-09-04,32.0,42.625,11.35,1007.875
977,2015-09-05,30.875,47.25,7.637499999999999,1007.125
978,2015-09-06,31.25,41.8,7.6375,1006.25
979,2015-09-07,31.5,46.375,9.4875,1005.75
980,2015-09-08,31.625,47.0,11.8125,1005.5
981,2015-09-09,31.0,47.875,10.1875,1005.625
982,2015-09-10,31.25,46.5,8.575000000000001,1006.75
983,2015-09-11,30.75,49.75,6.012499999999999,1006.25
984,2015-09-12,32.142857142857146,54.42857142857143,3.171428571428572,1006.0
985,2015-09-13,32.125,55.25,1.3875000000000002,1005.875
986,2015-09-14,31.875,54.375,2.55,1003.625
987,2015-09-15,33.0,55.0,0.4625,1003.25
988,2015-09-16,32.375,55.0,1.4,1003.625
989,2015-09-17,31.375,58.375,1.1625,1004.375
990,2015-09-18,31.0,67.625,7.4125,1005.125
991,2015-09-19,30.625,74.25,2.0875000000000004,1003.625
992,2015-09-20,29.142857142857142,69.14285714285714,5.557142857142858,1002.8571428571428
993,2015-09-21,30.125,64.5,5.800000000000002,1002.5
994,2015-09-22,30.25,64.375,10.187499999999998,1002.5
995,2015-09-23,28.625,61.25,13.675,1006.375
996,2015-09-24,28.25,52.375,11.575,1004.625
997,2015-09-25,28.5,49.375,8.575,1003.75
998,2015-09-26,29.25,53.5,6.25,1005.25
999,2015-09-27,28.714285714285715,58.142857142857146,2.9142857142857146,1007.0
1000,2015-09-28,28.25,58.5,3.9375,1009.0
1001,2015-09-29,29.0,54.57142857142857,9.528571428571428,1010.5714285714286
1002,2015-09-30,29.0,46.875,8.3375,1011.375
1003,2015-10-01,28.125,51.25,5.574999999999999,1012.0
1004,2015-10-02,28.285714285714285,53.71428571428572,14.5875,1010.75
1005,2015-10-03,30.0,52.333333333333336,18.785714285714285,1008.7142857142856
1006,2015-10-04,29.0,54.375,3.0250000000000004,1008.125
1007,2015-10-05,28.875,59.375,1.3875000000000002,1009.25
1008,2015-10-06,28.375,61.125,4.6375,1009.0
1009,2015-10-07,28.625,65.75,6.4750000000000005,1009.125
1010,2015-10-08,28.375,65.125,4.4125000000000005,1007.5
1011,2015-10-09,28.5,59.75,6.025,1004.25
1012,2015-10-10,28.5,54.625,6.7125,1005.0
1013,2015-10-11,28.571428571428573,51.57142857142857,6.885714285714286,1008.7142857142856
1014,2015-10-12,29.25,54.125,3.25,1010.0
1015,2015-10-13,29.5,62.875,3.725000000000001,1011.0
1016,2015-10-14,28.125,63.625,4.875000000000001,1013.25
1017,2015-10-15,27.5,66.0,0.4625,1013.5
1018,2015-10-16,27.875,62.625,0.925,1013.5
1019,2015-10-17,28.0,63.75,3.7125,1012.25
1020,2015-10-18,26.857142857142858,71.71428571428571,11.1125,1013.125
1021,2015-10-19,28.142857142857142,66.28571428571429,3.4571428571428577,1011.7142857142856
1022,2015-10-20,27.714285714285715,64.85714285714286,2.9142857142857146,1009.8571428571428
1023,2015-10-21,26.5,62.125,2.0875,1011.875
1024,2015-10-22,24.75,56.0,4.4,1012.25
1025,2015-10-23,24.0,51.625,4.862500000000001,1011.875
1026,2015-10-24,24.875,53.25,1.4,1011.625
1027,2015-10-25,26.375,47.125,5.575,1012.75
1028,2015-10-26,25.625,52.125,5.574999999999999,1014.875
1029,2015-10-27,24.75,54.25,3.475,1013.875
1030,2015-10-28,20.875,57.25,7.875000000000001,1015.875
1031,2015-10-29,22.125,63.5,1.85,1016.875
1032,2015-10-30,22.375,67.25,1.625,1016.375
1033,2015-10-31,22.375,69.375,1.1625,1016.125
1034,2015-11-01,22.875,70.5,0.925,1016.25
1035,2015-11-02,23.375,71.375,0.4625,1015.875
1036,2015-11-03,24.0,67.875,0.475,1014.25
1037,2015-11-04,23.75,69.0,0.925,1012.25
1038,2015-11-05,22.125,75.25,5.100000000000001,1012.375
1039,2015-11-06,22.875,74.375,2.325,1012.75
1040,2015-11-07,21.875,74.875,1.1625,1014.625
1041,2015-11-08,21.875,70.25,1.8625,1015.875
1042,2015-11-09,21.75,73.625,0.7,1015.0
1043,2015-11-10,22.75,72.625,0.7,1013.5
1044,2015-11-11,21.875,59.5,4.6375,1014.375
1045,2015-11-12,21.875,60.5,5.7875,1015.375
1046,2015-11-13,22.375,59.375,5.325,1014.875
1047,2015-11-14,22.375,59.625,3.475,1012.0
1048,2015-11-15,22.5,62.0,0.0,1012.0
1049,2015-11-16,21.875,50.375,2.7875,1012.625
1050,2015-11-17,19.875,48.375,5.1000000000000005,1013.5
1051,2015-11-18,18.5,57.625,4.4,1016.375
1052,2015-11-19,18.5,64.75,0.925,1017.5
1053,2015-11-20,18.5,66.0,0.4625,1016.125
1054,2015-11-21,18.75,67.625,1.3875000000000002,1015.5
1055,2015-11-22,18.625,64.875,0.4625,1015.125
1056,2015-11-23,17.0,73.5,0.0,1015.875
1057,2015-11-24,18.5,63.0,1.625,1016.0
1058,2015-11-25,19.375,56.375,5.7875000000000005,1014.75
1059,2015-11-26,20.0,59.5,0.925,1012.75
1060,2015-11-27,18.5,66.25,2.55,1011.25
1061,2015-11-28,18.75,82.125,1.1625,1015.375
1062,2015-11-29,18.125,81.25,1.1625,1018.0
1063,2015-11-30,19.5,82.375,0.925,1016.75
1064,2015-12-01,19.25,78.75,1.625,1014.75
1065,2015-12-02,18.125,72.125,2.0875,1016.125
1066,2015-12-03,17.625,70.25,7.1875,1016.0
1067,2015-12-04,17.625,67.5,4.6375,1015.0
1068,2015-12-05,17.5,72.375,0.925,1015.875
1069,2015-12-06,17.125,75.875,1.4,1016.5
1070,2015-12-07,17.625,76.875,2.3125,1017.25
1071,2015-12-08,18.428571428571427,71.28571428571429,1.0571428571428572,1015.7142857142856
1072,2015-12-09,18.375,78.125,3.475,1015.25
1073,2015-12-10,19.0,77.25,2.0875000000000004,1011.75
1074,2015-12-11,17.25,77.875,5.1000000000000005,1011.375
1075,2015-12-12,13.25,91.0,4.4,1014.25
1076,2015-12-13,12.875,67.0,3.475,1016.5
1077,2015-12-14,13.25,63.625,7.400000000000001,1017.0
1078,2015-12-15,13.125,63.875,5.325,1016.5
1079,2015-12-16,13.0,65.5,1.1625,1016.375
1080,2015-12-17,12.25,73.625,0.925,1016.875
1081,2015-12-18,12.875,71.25,4.4,1018.625
1082,2015-12-19,12.375,71.875,3.4875,1019.0
1083,2015-12-20,11.75,70.25,1.1625,1018.5
1084,2015-12-21,12.625,74.75,1.3875000000000002,1018.875
1085,2015-12-22,12.0,79.875,0.7,1020.875
1086,2015-12-23,12.5,81.375,3.4875000000000003,1020.625
1087,2015-12-24,11.25,68.625,6.025,1021.25
1088,2015-12-25,11.5,66.125,5.5625,1022.0
1089,2015-12-26,12.75,64.5,6.4875,1021.125
1090,2015-12-27,15.375,63.25,7.8875,1020.625
1091,2015-12-28,17.125,58.125,10.8875,1020.875
1092,2015-12-29,16.375,65.0,7.4125,1018.125
1093,2015-12-30,15.5,71.75,2.1,1017.5
1094,2015-12-31,15.0,71.375,2.0875,1020.5
1095,2016-01-01,14.714285714285714,72.28571428571429,1.0571428571428572,1021.1428571428572
1096,2016-01-02,14.0,75.875,2.0875,1021.0
1097,2016-01-03,14.375,74.75,5.112500000000001,1018.5
1098,2016-01-04,15.75,77.125,0.0,1017.625
1099,2016-01-05,15.833333333333334,88.83333333333333,0.6166666666666667,1017.0
1100,2016-01-06,17.375,81.625,2.3125,1016.5
1101,2016-01-07,17.125,87.0,0.0,1018.125
1102,2016-01-08,15.5,83.25,7.887500000000001,1017.25
1103,2016-01-09,15.857142857142858,65.14285714285714,8.471428571428572,1015.4285714285714
1104,2016-01-10,15.625,74.375,2.775,1017.5
1105,2016-01-11,15.75,74.875,1.625,1017.5
1106,2016-01-12,18.0,69.6875,6.03125,1014.9375
1107,2016-01-13,18.266666666666666,75.8,5.08,1014.3333333333334
1108,2016-01-14,15.5625,80.4375,4.300000000000001,1016.125
1109,2016-01-15,13.0,84.1875,10.775,1017.0
1110,2016-01-16,13.6,80.06666666666666,11.239999999999998,1014.6
1111,2016-01-17,14.0,77.66666666666667,2.1066666666666665,1016.2
1112,2016-01-18,13.266666666666667,80.46666666666667,1.4800000000000002,1014.7333333333332
1113,2016-01-19,12.357142857142858,88.57142857142857,4.65,1015.2857142857144
1114,2016-01-20,12.066666666666666,84.2,6.193333333333333,1018.6666666666666
1115,2016-01-21,12.1875,73.1875,7.887499999999998,1020.1875
1116,2016-01-22,11.733333333333333,83.4,3.586666666666667,1019.4666666666668
1117,2016-01-23,14.4375,75.875,3.2500000000000004,1019.8125
1118,2016-01-24,11.1875,86.25,6.624999999999999,1019.0625
1119,2016-01-25,11.666666666666666,75.4,4.58,1017.2
1120,2016-01-26,14.5625,79.6875,2.5500000000000003,1015.375
1121,2016-01-27,17.583333333333332,69.16666666666667,4.025,1014.1666666666666
1122,2016-01-28,16.857142857142858,69.35714285714286,5.028571428571429,1015.0714285714286
1123,2016-01-29,19.5625,70.625,2.54375,1017.375
1124,2016-01-30,20.142857142857142,78.5,1.2,1014.5
1125,2016-01-31,17.375,78.25,7.762500000000001,1016.0
1126,2016-02-01,15.846153846153848,65.76923076923077,7.269230769230768,1017.1538461538462
1127,2016-02-02,15.266666666666667,55.86666666666667,8.893333333333333,1018.2
1128,2016-02-03,13.125,66.5,7.622222222222222,1018.0
1129,2016-02-04,16.363636363636363,53.0,6.941666666666666,1017.3333333333334
1130,2016-02-05,12.666666666666666,70.66666666666667,2.1666666666666665,1016.8333333333334
1131,2016-02-06,15.333333333333334,69.5,3.7,1013.3333333333334
1132,2016-02-07,15.625,77.0,2.7875,1015.75
1133,2016-02-08,17.09090909090909,67.18181818181819,5.9,1017.0909090909092
1134,2016-02-09,17.76923076923077,67.46153846153847,5.846153846153848,1014.6923076923076
1135,2016-02-10,18.133333333333333,64.86666666666666,2.1,1012.7333333333332
1136,2016-02-11,19.6875,54.75,6.03125,1011.25
1137,2016-02-12,19.2,57.86666666666667,0.7466666666666666,1012.5333333333332
1138,2016-02-13,17.066666666666666,62.13333333333333,5.806666666666668,1014.8666666666668
1139,2016-02-14,17.642857142857142,61.92857142857143,8.071428571428571,1017.2142857142856
1140,2016-02-15,17.6,59.53333333333333,5.94,1018.7333333333332
1141,2016-02-16,18.214285714285715,56.142857142857146,5.435714285714285,1020.0714285714286
1142,2016-02-17,18.714285714285715,59.285714285714285,3.7071428571428577,1019.1428571428572
1143,2016-02-18,19.466666666666665,76.0,5.186666666666667,1017.4
1144,2016-02-19,23.153846153846157,70.23076923076923,4.146153846153847,1014.6153846153846
1145,2016-02-20,23.625,73.125,11.11875,1014.125
1146,2016-02-21,21.0,61.125,17.137500000000003,1014.75
1147,2016-02-22,21.0,51.42857142857143,15.20714285714286,1014.4285714285714
1148,2016-02-23,21.428571428571427,50.642857142857146,9.785714285714286,1012.5
1149,2016-02-24,21.6875,58.0625,2.4437500000000005,1012.9375
1150,2016-02-25,22.5625,57.5,5.3375,1015.5
1151,2016-02-26,22.8,55.6,2.48,1018.4
1152,2016-02-27,22.8,59.0,3.333333333333334,1018.4666666666668
1153,2016-02-28,23.0,63.0625,3.712500000000001,1018.9375
1154,2016-02-29,23.875,63.9375,3.712500000000001,1018.625
1155,2016-03-01,24.916666666666668,57.41666666666666,1.7,1015.0
1156,2016-03-02,24.933333333333334,57.06666666666667,1.7333333333333334,1015.4
1157,2016-03-03,26.0,55.61538461538461,4.292307692307692,1014.6153846153846
1158,2016-03-04,27.3125,44.25,6.14375,1012.6875
1159,2016-03-05,23.933333333333334,57.13333333333333,11.0,1012.6666666666666
1160,2016-03-06,22.8125,66.5625,5.21875,1013.0625
1161,2016-03-07,23.714285714285715,64.14285714285714,5.171428571428572,1012.3571428571428
1162,2016-03-08,23.428571428571427,60.21428571428572,6.742857142857142,1011.6428571428572
1163,2016-03-09,24.0,57.5625,9.375,1012.0625
1164,2016-03-10,25.5625,57.4375,7.981249999999999,1013.1875
1165,2016-03-11,25.066666666666663,67.8,6.546666666666667,1012.5333333333332
1166,2016-03-12,24.5625,66.9375,9.4875,1009.5625
1167,2016-03-13,24.25,65.1875,6.84375,1011.1875
1168,2016-03-14,22.375,66.0,6.275,1014.3125
1169,2016-03-15,24.066666666666663,58.93333333333333,8.646666666666667,1014.8666666666668
1170,2016-03-16,23.9375,53.75,10.88125,1012.8125
1171,2016-03-17,26.3125,50.3125,6.84375,1010.4375
1172,2016-03-18,26.1875,61.25,6.7125,1009.8125
1173,2016-03-19,26.785714285714285,61.85714285714285,3.578571428571429,1009.2142857142856
1174,2016-03-20,27.133333333333333,58.73333333333333,2.8466666666666667,1010.3333333333334
1175,2016-03-21,26.625,43.375,12.2625,1011.125
1176,2016-03-22,25.0625,37.875,22.1,1009.375
1177,2016-03-23,26.2,43.266666666666666,10.641666666666667,1010.0
1178,2016-03-24,28.133333333333333,46.86666666666667,3.2133333333333334,1013.3333333333334
1179,2016-03-25,29.875,50.1875,3.3687500000000004,1013.1875
1180,2016-03-26,24.666666666666668,62.66666666666666,9.393333333333334,1013.6
1181,2016-03-27,26.25,53.6875,9.156249999999996,1012.8125
1182,2016-03-28,25.933333333333334,52.8,6.546666666666667,7679.333333333333
1183,2016-03-29,27.125,47.75,7.293749999999999,1011.3125
1184,2016-03-30,29.571428571428573,39.785714285714285,7.021428571428571,1011.1428571428572
1185,2016-03-31,30.0,39.73333333333333,4.333333333333333,1009.2
1186,2016-04-01,30.571428571428573,38.21428571428572,12.035714285714285,1006.7142857142856
1187,2016-04-02,32.3125,38.5625,5.4625,1008.0
1188,2016-04-03,33.3125,44.25,2.55,1008.375
1189,2016-04-04,32.8125,33.125,8.0,1006.6875
1190,2016-04-05,32.3125,29.3125,9.26875,1007.0
1191,2016-04-06,31.375,33.125,3.475,1006.875
1192,2016-04-07,29.933333333333334,37.0,10.85,1007.2666666666668
1193,2016-04-08,29.266666666666666,36.0,4.686666666666667,1009.2
1194,2016-04-09,30.73333333333333,32.46666666666667,12.61875,1009.3125
1195,2016-04-10,32.25,29.0,5.225,1008.8125
1196,2016-04-11,29.8,35.0,16.04,1009.4
1197,2016-04-12,30.2,36.2,19.380000000000003,1006.3333333333334
1198,2016-04-13,31.75,28.0625,18.64375,1003.3125
1199,2016-04-14,33.125,23.875,10.425,1003.8125
1200,2016-04-15,33.625,25.375,9.8375,1004.625
1201,2016-04-16,35.6875,23.6875,11.1125,1003.0625
1202,2016-04-17,34.666666666666664,23.866666666666667,9.386666666666663,1002.6666666666666
1203,2016-04-18,34.625,30.125,7.175,1004.6875
1204,2016-04-19,34.0,33.6,4.566666666666666,1005.8666666666668
1205,2016-04-20,34.0625,25.9375,14.01875,1006.4375
1206,2016-04-21,34.0,24.666666666666668,15.75,1003.4
1207,2016-04-22,33.25,24.25,8.35,1001.7272727272727
1208,2016-04-23,31.916666666666668,21.818181818181817,19.65384615384616,1001.8461538461538
1209,2016-04-24,31.3125,22.125,10.1875,1003.0625
1210,2016-04-25,31.75,22.8125,6.949999999999999,1005.5625
1211,2016-04-26,33.4375,25.1875,3.83125,1007.1875
1212,2016-04-27,33.125,29.0625,4.981249999999999,1005.6875
1213,2016-04-28,34.15384615384615,21.76923076923077,11.823076923076922,1004.6923076923076
1214,2016-04-29,34.07142857142857,23.285714285714285,9.123076923076924,1005.7142857142856
1215,2016-04-30,33.0625,25.5625,5.2125,1004.8125
1216,2016-05-01,34.6875,23.375,8.575,1002.4375
1217,2016-05-02,38.0,18.466666666666665,9.513333333333334,1002.2
1218,2016-05-03,35.5,30.375,6.49375,1004.3125
1219,2016-05-04,33.714285714285715,31.857142857142858,10.464285714285715,1003.7857142857144
1220,2016-05-05,30.6,42.0,11.246666666666666,1007.4666666666668
1221,2016-05-06,31.4375,37.4375,8.225,1007.0
1222,2016-05-07,33.3125,37.1875,4.65,1005.5625
1223,2016-05-08,35.13333333333333,36.333333333333336,7.293333333333332,1005.9333333333332
1224,2016-05-09,33.53333333333333,40.6,18.425,1006.0625
1225,2016-05-10,34.0,39.75,10.55625,1006.5625
1226,2016-05-11,32.5,49.9375,7.774999999999999,1006.0625
1227,2016-05-12,35.375,40.0,5.1,1002.25
1228,2016-05-13,37.294117647058826,28.11764705882353,8.07058823529412,1001.3529411764706
1229,2016-05-14,36.5625,31.875,4.16875,1003.125
1230,2016-05-15,37.25,29.5,4.75,1003.5625
1231,2016-05-16,37.21428571428572,23.5,9.019999999999998,1000.8
1232,2016-05-17,37.5,25.8125,9.6125,998.9375
1233,2016-05-18,37.75,27.625,8.45,997.8125
1234,2016-05-19,37.375,40.5,9.3875,998.625
1235,2016-05-20,37.4,44.2,8.413333333333334,996.9333333333332
1236,2016-05-21,36.13333333333333,45.4,10.873333333333331,995.9333333333332
1237,2016-05-22,36.8,44.8,6.553333333333333,996.4666666666668
1238,2016-05-23,32.214285714285715,47.92857142857143,14.95,999.5714285714286
1239,2016-05-24,31.526315789473685,53.526315789473685,8.494736842105263,1000.7368421052632
1240,2016-05-25,33.21739130434783,46.60869565217392,10.160869565217393,997.4782608695652
1241,2016-05-26,35.26923076923077,44.57692307692308,15.17692307692308,999.1538461538462
1242,2016-05-27,38.27272727272727,26.09090909090909,15.31818181818182,999.9545454545456
1243,2016-05-28,36.0625,37.25,14.405555555555551,999.8333333333334
1244,2016-05-29,31.5,57.0625,11.68125,1001.25
1245,2016-05-30,26.8125,74.8125,9.4875,1003.8125
1246,2016-05-31,32.642857142857146,51.21428571428572,7.4071428571428575,1002.3076923076924
1247,2016-06-01,36.0,42.2,9.133333333333336,1002.7333333333332
1248,2016-06-02,37.5625,35.3125,11.93125,1002.0
1249,2016-06-03,37.5625,40.6875,2.7812500000000004,1002.25
1250,2016-06-04,38.2,42.06666666666667,3.2066666666666666,1001.8666666666668
1251,2016-06-05,36.16666666666666,51.75,8.5,1002.8333333333334
1252,2016-06-06,35.42857142857143,45.71428571428572,11.0,1001.5714285714286
1253,2016-06-07,34.625,59.1875,21.30625,1002.0625
1254,2016-06-08,36.07142857142857,44.642857142857146,8.485714285714284,999.2142857142856
1255,2016-06-09,35.733333333333334,43.73333333333333,9.26,938.0666666666668
1256,2016-06-10,36.13333333333333,41.86666666666667,10.08125,998.25
1257,2016-06-11,33.4375,49.9375,8.812500000000002,999.0
1258,2016-06-12,35.5,37.125,9.1625,998.8125
1259,2016-06-13,36.0,43.3125,12.85,998.1875
1260,2016-06-14,32.625,55.125,11.859999999999998,997.8125
1261,2016-06-15,34.733333333333334,48.86666666666667,10.513333333333332,996.1333333333332
1262,2016-06-16,33.5,51.285714285714285,11.39285714285714,999.0
1263,2016-06-17,34.1875,52.25,7.425,999.4285714285714
1264,2016-06-18,35.857142857142854,50.57142857142857,10.857142857142858,1000.8571428571428
1265,2016-06-19,35.625,53.25,9.387499999999998,1001.375
1266,2016-06-20,30.9375,73.9375,7.643750000000001,1000.6875
1267,2016-06-21,32.875,62.1875,8.91875,999.9375
1268,2016-06-22,33.125,60.8125,7.418750000000001,1001.5625
1269,2016-06-23,33.84615384615385,51.61538461538461,5.875000000000001,999.6923076923076
1270,2016-06-24,36.4375,46.5625,7.762499999999999,998.3125
1271,2016-06-25,35.42857142857143,55.92857142857143,9.664285714285713,1000.0714285714286
1272,2016-06-26,34.86666666666667,57.46666666666667,7.660000000000001,1000.375
1273,2016-06-27,34.3125,61.25,7.993749999999999,998.8666666666668
1274,2016-06-28,30.785714285714285,75.07142857142857,5.435714285714285,1001.5
1275,2016-06-29,35.375,58.875,8.449999999999998,1001.1875
1276,2016-06-30,35.46666666666667,60.2,6.793333333333333,997.8666666666668
1277,2016-07-01,32.125,73.4,8.35,1002.5625
1278,2016-07-02,28.4,80.0,5.231250000000001,998.375
1279,2016-07-03,29.5625,78.125,1.96875,998.25
1280,2016-07-04,30.6875,76.3125,3.481250000000001,997.125
1281,2016-07-05,33.25,68.6875,5.3375,995.5625
1282,2016-07-06,33.266666666666666,64.06666666666666,8.878571428571428,996.8666666666668
1283,2016-07-07,33.5,63.0,5.91875,997.6875
1284,2016-07-08,30.8,75.86666666666666,5.433333333333335,997.4
1285,2016-07-09,33.25,66.0625,6.73125,996.75
1286,2016-07-10,32.5625,65.6875,4.7,996.0625
1287,2016-07-11,31.5,71.9375,8.046666666666665,997.75
1288,2016-07-12,30.5,80.1875,5.5625,999.0625
1289,2016-07-13,31.25,76.3125,6.806666666666667,998.4375
1290,2016-07-14,30.4375,80.4375,5.21875,998.375
1291,2016-07-15,31.0,78.0625,7.271428571428571,998.625
1292,2016-07-16,27.125,93.875,4.371428571428571,999.875
1293,2016-07-17,28.125,86.5625,6.6000000000000005,1001.3333333333334
1294,2016-07-18,27.666666666666668,91.26666666666668,7.653333333333333,1000.8
1295,2016-07-19,32.3125,69.125,13.656249999999998,999.875
1296,2016-07-20,34.1875,59.5625,12.9625,999.625
1297,2016-07-21,34.13333333333333,56.86666666666667,11.48,999.2666666666668
1298,2016-07-22,34.125,56.125,8.687500000000002,999.3333333333334
1299,2016-07-23,31.875,66.0,7.768750000000001,1001.625
1300,2016-07-24,31.4375,72.25,2.43125,946.3125
1301,2016-07-25,31.9375,69.125,2.9125000000000005,1001.875
1302,2016-07-26,30.3125,82.0,6.485714285714287,1003.125
1303,2016-07-27,28.3125,88.25,4.293750000000001,1004.625
1304,2016-07-28,29.53333333333333,81.33333333333333,5.186666666666667,1002.0666666666668
1305,2016-07-29,27.375,92.4375,2.43125,1000.9375
1306,2016-07-30,27.33333333333333,92.26666666666668,1.86,1001.2
1307,2016-07-31,29.266666666666666,83.13333333333334,4.7,1000.6666666666666
1308,2016-08-01,29.125,84.25,5.9125000000000005,999.125
1309,2016-08-02,30.6875,72.125,6.375,310.4375
1310,2016-08-03,32.5625,63.5625,5.45,998.5
1311,2016-08-04,33.111111111111114,63.888888888888886,7.927777777777779,998.7777777777778
1312,2016-08-05,33.8,61.66666666666666,4.319999999999999,999.3333333333334
1313,2016-08-06,30.066666666666663,76.0,6.926666666666667,1000.8
1314,2016-08-07,33.11764705882353,65.17647058823529,7.852941176470587,1000.529411764706
1315,2016-08-08,33.80952380952381,62.38095238095238,9.440909090909091,999.6363636363636
1316,2016-08-09,31.615384615384617,71.65384615384616,9.55,998.5
1317,2016-08-10,32.0,71.25925925925925,10.159259259259262,999.3703703703704
1318,2016-08-11,28.107142857142858,89.46428571428571,7.82142857142857,1001.6071428571428
1319,2016-08-12,29.035714285714285,85.0,3.848148148148149,1002.2857142857144
1320,2016-08-13,30.321428571428573,77.07142857142857,3.2296296296296303,1001.0714285714286
1321,2016-08-14,28.933333333333334,83.7,6.369999999999998,633.9
1322,2016-08-15,31.678571428571427,67.64285714285714,12.725,999.2857142857144
1323,2016-08-16,31.33333333333333,66.41666666666667,14.66666666666667,-3.0416666666666665
1324,2016-08-17,29.928571428571427,72.5,6.325,999.5185185185184
1325,2016-08-18,29.88888888888889,79.81481481481481,1.7222222222222223,999.9230769230768
1326,2016-08-19,32.07142857142857,68.28571428571429,1.917857142857143,999.8928571428572
1327,2016-08-20,33.18518518518518,66.48148148148148,10.366666666666667,1000.16
1328,2016-08-21,31.59259259259259,68.07407407407408,10.022222222222224,1001.1923076923076
1329,2016-08-22,32.18518518518518,65.55555555555556,8.237037037037037,1002.8888888888888
1330,2016-08-23,31.48,70.08,6.084,1003.24
1331,2016-08-24,30.178571428571427,79.28571428571429,8.419230769230769,1002.5
1332,2016-08-25,31.52,72.44,6.276923076923075,1004.4230769230768
1333,2016-08-26,31.22222222222222,73.81481481481481,4.392592592592593,1005.2222222222222
1334,2016-08-27,31.785714285714285,70.28571428571429,7.15,1006.1428571428572
1335,2016-08-28,33.4,66.24,7.2719999999999985,1006.2
1336,2016-08-29,29.571428571428573,82.32142857142857,5.825,1003.6071428571428
1337,2016-08-30,30.04,76.8,8.903846153846153,1002.1923076923076
1338,2016-08-31,27.25925925925926,89.55555555555556,6.729629629629631,1003.0370370370372
1339,2016-09-01,27.96,87.24,4.148,1002.44
1340,2016-09-02,30.73913043478261,71.73913043478261,13.204347826086956,1001.2727272727273
1341,2016-09-03,30.894736842105264,62.68421052631579,13.263157894736842,1001.157894736842
1342,2016-09-04,31.692307692307693,59.30769230769231,11.12307692307692,1002.9230769230768
1343,2016-09-05,31.07692307692308,60.30769230769231,13.961538461538463,1003.2307692307692
1344,2016-09-06,30.375,55.0,13.437499999999998,1003.75
1345,2016-09-07,31.1,57.7,9.1,1003.4545454545456
1346,2016-09-08,31.916666666666668,58.0,10.808333333333332,1005.1666666666666
1347,2016-09-09,30.55555555555556,56.66666666666666,11.52222222222222,1004.3333333333334
1348,2016-09-10,31.23076923076923,58.23076923076923,11.969230769230771,1005.2307692307692
1349,2016-09-11,31.0,56.4,8.15,1003.8
1350,2016-09-12,31.642857142857142,55.5,10.85,1005.0714285714286
1351,2016-09-13,32.53333333333333,57.06666666666667,8.526666666666666,1006.4
1352,2016-09-14,30.857142857142858,70.35714285714286,4.235714285714287,1006.9285714285714
1353,2016-09-15,31.727272727272727,59.63636363636363,11.9,1004.75
1354,2016-09-16,31.4,58.0,3.5200000000000005,1004.4
1355,2016-09-17,32.30769230769231,58.0,2.707692307692308,1003.1538461538462
1356,2016-09-18,32.25,58.833333333333336,17.908333333333335,1005.0
1357,2016-09-19,32.375,59.458333333333336,2.0875,1004.7083333333334
1358,2016-09-20,33.44444444444444,54.07407407407408,2.56923076923077,1003.5185185185184
1359,2016-09-21,33.36,58.96,6.0920000000000005,1005.4
1360,2016-09-22,30.03703703703704,67.62962962962963,8.107407407407404,1008.7777777777778
1361,2016-09-23,31.0,66.10714285714286,3.571428571428573,1005.3214285714286
1362,2016-09-24,31.24,66.48,5.496153846153845,1352.6153846153843
1363,2016-09-25,31.130434782608692,62.30434782608695,3.1478260869565218,1004.782608695652
1364,2016-09-26,31.48,60.88,2.986956521739131,1006.76
1365,2016-09-27,32.18518518518518,57.81481481481482,1.7807692307692309,1006.7037037037036
1366,2016-09-28,32.44,55.28,2.5200000000000005,1005.28
1367,2016-09-29,32.22727272727273,61.31818181818182,3.963636363636364,1005.5909090909092
1368,2016-09-30,32.214285714285715,59.35714285714285,2.582142857142858,1005.5714285714286
1369,2016-10-01,32.541666666666664,61.91666666666666,3.170833333333334,1007.5
1370,2016-10-02,32.81481481481482,61.81481481481482,4.122222222222223,1009.1111111111112
1371,2016-10-03,33.26923076923077,59.57692307692308,3.992592592592593,1007.1851851851852
1372,2016-10-04,30.55555555555556,69.81481481481481,5.770370370370371,1005.3703703703704
1373,2016-10-05,28.83333333333333,71.875,3.325,1005.25
1374,2016-10-06,30.703703703703702,64.81481481481481,3.2333333333333325,1007.1481481481482
1375,2016-10-07,30.96,59.96,15.825,1007.2
1376,2016-10-08,30.6,57.96,8.76153846153846,1006.8461538461538
1377,2016-10-09,30.92,59.2,3.184000000000001,1005.96
1378,2016-10-10,29.77777777777778,51.11111111111112,4.807407407407408,1006.1481481481482
1379,2016-10-11,29.666666666666668,51.14814814814815,8.922222222222224,1006.5925925925926
1380,2016-10-12,29.571428571428573,47.285714285714285,11.371428571428568,1006.25
1381,2016-10-13,29.96296296296296,44.0,13.022222222222224,1008.3333333333334
1382,2016-10-14,29.75,47.875,8.934782608695652,1009.125
1383,2016-10-15,27.74074074074074,54.14814814814815,6.662962962962963,1010.5185185185184
1384,2016-10-16,28.428571428571427,49.85714285714285,7.014285714285715,1011.8571428571428
1385,2016-10-17,28.6,49.24,7.1160000000000005,1010.56
1386,2016-10-18,28.5,48.458333333333336,7.668181818181818,1009.4583333333334
1387,2016-10-19,28.925925925925927,49.18518518518518,6.459259259259259,1008.5555555555557
1388,2016-10-20,29.07692307692308,47.73076923076923,9.124,1007.5384615384615
1389,2016-10-21,28.40909090909091,50.40909090909091,10.695454545454549,1008.7272727272727
1390,2016-10-22,29.33333333333333,49.48148148148148,13.323076923076924,1009.3703703703704
1391,2016-10-23,27.5,54.96153846153846,11.546153846153846,1009.3076923076924
1392,2016-10-24,28.5,51.42307692307692,11.188461538461535,1008.2692307692308
1393,2016-10-25,28.04,54.56,12.388461538461542,1008.9230769230768
1394,2016-10-26,27.57692307692308,56.19230769230769,5.699999999999998,1011.7307692307692
1395,2016-10-27,26.55555555555556,59.37037037037037,6.044444444444444,1014.6296296296296
1396,2016-10-28,25.51851851851852,58.77777777777778,7.277777777777777,1012.4074074074074
1397,2016-10-29,25.814814814814813,62.77777777777778,1.7148148148148148,1013.0
1398,2016-10-30,24.82608695652174,71.04347826086956,2.0130434782608697,1014.608695652174
1399,2016-10-31,24.53846153846154,66.8076923076923,1.6423076923076925,1017.8076923076924
1400,2016-11-01,24.384615384615383,58.73076923076923,2.7153846153846155,1016.3846153846154
1401,2016-11-02,23.727272727272727,65.9090909090909,1.4318181818181817,1016.5909090909092
1402,2016-11-03,25.64,59.76,2.2320000000000007,1016.24
1403,2016-11-04,24.814814814814813,58.2962962962963,4.122222222222222,1012.6296296296296
1404,2016-11-05,23.115384615384617,66.57692307692308,5.784615384615384,1010.3461538461538
1405,2016-11-06,22.925925925925927,63.851851851851855,2.411111111111111,1011.5185185185184
1406,2016-11-07,24.545454545454547,51.31818181818182,8.172727272727274,1012.7727272727273
1407,2016-11-08,23.73076923076923,52.26923076923077,12.750000000000002,1013.64
1408,2016-11-09,23.0,49.7037037037037,7.074074074074074,1014.6666666666666
1409,2016-11-10,23.51851851851852,50.14814814814815,3.225925925925927,1013.8148148148148
1410,2016-11-11,23.92,54.04,2.968,1014.08
1411,2016-11-12,23.53846153846154,58.03846153846154,2.7846153846153854,1015.1538461538462
1412,2016-11-13,24.296296296296298,55.81481481481482,4.4,1016.5185185185184
1413,2016-11-14,23.346153846153847,60.73076923076923,1.4961538461538462,1015.7307692307692
1414,2016-11-15,22.24,55.72,4.087999999999999,1016.24
1415,2016-11-16,21.76923076923077,53.23076923076923,7.138461538461537,1017.5384615384615
1416,2016-11-17,21.73076923076923,51.73076923076923,11.55,1350.2962962962963
1417,2016-11-18,21.73076923076923,53.61538461538461,7.7799999999999985,1014.6923076923076
1418,2016-11-19,20.666666666666668,60.66666666666666,2.8400000000000003,1012.4666666666668
1419,2016-11-20,22.25,59.9,2.5050000000000003,1013.35
1420,2016-11-21,21.53846153846154,60.46153846153846,2.7153846153846155,1013.0
1421,2016-11-22,22.57894736842105,50.1578947368421,7.999999999999998,1012.8947368421052
1422,2016-11-23,22.82608695652174,51.43478260869565,6.604347826086956,1013.1739130434784
1423,2016-11-24,21.42105263157895,51.47368421052632,8.289473684210526,1014.9473684210526
1424,2016-11-25,23.6,30.55,15.085000000000004,1012.95
1425,2016-11-26,24.294117647058822,32.64705882352941,14.494117647058824,1013.25
1426,2016-11-27,23.63636363636364,33.63636363636363,12.45909090909091,1013.5909090909092
1427,2016-11-28,22.454545454545453,37.31818181818182,9.185714285714289,12.045454545454543
1428,2016-11-29,21.61111111111111,53.72222222222222,1.238888888888889,1015.0
1429,2016-11-30,19.869565217391305,80.08695652173913,4.269565217391306,1016.608695652174
1430,2016-12-01,19.75,84.0,2.704166666666667,1016.875
1431,2016-12-02,19.20833333333333,75.875,4.945833333333334,1017.75
1432,2016-12-03,21.20833333333333,52.16666666666666,5.866666666666666,1019.3333333333334
1433,2016-12-04,18.9,55.25,5.666666666666666,1019.7
1434,2016-12-05,18.63636363636364,56.59090909090909,4.9523809523809526,1017.0454545454544
1435,2016-12-06,18.53846153846154,69.92307692307692,2.5038461538461543,1017.9615384615385
1436,2016-12-07,18.25,74.35,0.925,1017.421052631579
1437,2016-12-08,16.9,73.3,1.765,1016.2
1438,2016-12-09,19.416666666666668,68.125,1.3125,1013.4166666666666
1439,2016-12-10,16.444444444444443,82.83333333333333,5.355555555555556,1014.0
1440,2016-12-11,20.041666666666668,69.58333333333333,4.716666666666667,1013.2916666666666
1441,2016-12-12,19.90909090909091,63.86363636363637,3.2818181818181817,1014.181818181818
1442,2016-12-13,19.05,62.35,3.4300000000000006,1015.1
1443,2016-12-14,18.55555555555556,58.61111111111112,8.027777777777775,1017.3333333333334
1444,2016-12-15,18.166666666666668,56.625,9.879166666666666,1016.6666666666666
1445,2016-12-16,15.833333333333334,63.27777777777778,3.9166666666666674,1018.7777777777778
1446,2016-12-17,17.5,63.388888888888886,6.731578947368422,1016.9473684210526
1447,2016-12-18,16.083333333333332,64.54166666666667,6.420833333333331,1018.0833333333334
1448,2016-12-19,17.857142857142858,56.095238095238095,10.414285714285716,1017.4285714285714
1449,2016-12-20,19.8,48.53333333333333,15.926666666666671,1015.2
1450,2016-12-21,18.05,54.3,19.40476190476191,1015.6190476190476
1451,2016-12-22,17.285714285714285,57.85714285714285,6.1809523809523785,1016.1428571428572
1452,2016-12-23,15.55,74.7,1.205,1014.25
1453,2016-12-24,17.318181818181817,78.63636363636364,5.236363636363636,1011.318181818182
1454,2016-12-25,14.0,94.3,9.085,1014.35
1455,2016-12-26,17.142857142857142,74.85714285714286,8.784210526315787,1016.952380952381
1456,2016-12-27,16.85,67.55,8.335,1017.2
1457,2016-12-28,17.217391304347824,68.04347826086956,3.547826086956522,1015.5652173913044
1458,2016-12-29,15.238095238095235,87.85714285714286,6.0,1016.904761904762
1459,2016-12-30,14.095238095238097,89.66666666666667,6.266666666666667,1017.904761904762
1460,2016-12-31,15.052631578947368,87.0,7.325,1016.1
1461,2017-01-01,15.91304347826087,85.8695652173913,2.743478260869565,59.0
1462,2017-01-02,18.5,77.22222222222223,2.8944444444444444,1018.2777777777778
1463,2017-01-03,17.11111111111111,81.88888888888889,4.016666666666667,1018.3333333333334
1464,2017-01-04,18.7,70.05,4.545,1015.7
1465,2017-01-05,18.38888888888889,74.94444444444444,3.3000000000000003,1014.3333333333334
1466,2017-01-06,19.318181818181817,79.31818181818181,8.681818181818182,1011.7727272727273
1467,2017-01-07,14.708333333333334,95.83333333333331,10.041666666666664,1011.375
1468,2017-01-08,15.68421052631579,83.52631578947368,1.95,1015.55
1469,2017-01-09,14.571428571428571,80.80952380952381,6.542857142857142,1015.952380952381
1470,2017-01-10,12.11111111111111,71.94444444444444,9.361111111111107,1016.8888888888888
1471,2017-01-11,11.0,72.11111111111111,9.77222222222222,1016.7777777777778
1472,2017-01-12,11.789473684210526,74.57894736842105,6.626315789473684,1016.3684210526316
1473,2017-01-13,13.235294117647058,67.05882352941177,6.435294117647059,1017.529411764706
1474,2017-01-14,13.2,74.28,5.276,1018.84
1475,2017-01-15,16.434782608695652,72.56521739130434,3.630434782608696,1018.1304347826087
1476,2017-01-16,14.65,78.45,10.38,1017.15
1477,2017-01-17,11.72222222222222,84.44444444444444,8.038888888888888,1018.3888888888888
1478,2017-01-18,13.041666666666666,78.33333333333333,6.029166666666664,1021.9583333333334
1479,2017-01-19,14.61904761904762,75.14285714285714,10.33809523809524,1022.809523809524
1480,2017-01-20,15.263157894736842,66.47368421052632,11.226315789473684,1021.7894736842104
1481,2017-01-21,15.391304347826088,70.8695652173913,13.695652173913045,1020.4782608695652
1482,2017-01-22,18.44,76.24,5.867999999999999,1021.04
1483,2017-01-23,18.11764705882353,76.0,6.752941176470588,1019.8235294117648
1484,2017-01-24,18.347826086956523,68.1304347826087,3.3913043478260865,1018.8695652173913
1485,2017-01-25,21.0,69.96,8.755999999999998,1018.4
1486,2017-01-26,16.178571428571427,91.64285714285714,8.467857142857143,1017.7857142857144
1487,2017-01-27,16.5,77.04166666666667,14.358333333333333,1018.125
1488,2017-01-28,14.863636363636363,82.77272727272727,9.690909090909091,1019.6363636363636
1489,2017-01-29,15.666666666666666,81.77777777777777,10.294444444444444,1017.3888888888888
1490,2017-01-30,16.444444444444443,77.55555555555556,4.322222222222222,1015.8333333333334
1491,2017-01-31,16.125,76.0,4.625,1015.5
1492,2017-02-01,15.25,78.625,5.1000000000000005,1017.5
1493,2017-02-02,17.09090909090909,66.54545454545455,3.027272727272727,1018.9090909090908
1494,2017-02-03,15.636363636363637,78.18181818181819,1.8545454545454545,1017.7272727272727
1495,2017-02-04,18.7,77.6,9.82,1014.4
1496,2017-02-05,18.63157894736842,77.63157894736842,8.099999999999998,1014.2105263157896
1497,2017-02-06,16.88888888888889,69.66666666666667,9.044444444444444,1016.0
1498,2017-02-07,15.125,63.75,7.637500000000001,1016.125
1499,2017-02-08,15.7,68.4,4.08,1015.6
1500,2017-02-09,15.375,68.375,7.875000000000002,1016.375
1501,2017-02-10,14.666666666666666,71.77777777777777,9.066666666666666,1015.6666666666666
1502,2017-02-11,15.625,64.0,3.95,1016.625
1503,2017-02-12,16.25,70.375,1.625,1019.625
1504,2017-02-13,16.333333333333332,67.0,6.377777777777778,1021.5555555555557
1505,2017-02-14,16.875,65.5,6.9625,1021.375
1506,2017-02-15,17.571428571428573,67.71428571428571,5.557142857142857,1020.5714285714286
1507,2017-02-16,20.25,56.75,10.4375,1017.625
1508,2017-02-17,21.3,64.4,9.279999999999998,1016.5
1509,2017-02-18,21.125,70.75,6.25,1016.25
1510,2017-02-19,22.363636363636363,66.0909090909091,6.054545454545456,1013.0
1511,2017-02-20,23.375,60.125,6.937499999999999,1005.375
1512,2017-02-21,21.83333333333333,69.41666666666667,12.341666666666669,1007.4166666666666
1513,2017-02-22,19.125,57.125,7.4125,1012.25
1514,2017-02-23,18.625,42.875,14.35,1015.25
1515,2017-02-24,19.125,40.375,16.6625,1016.125
1516,2017-02-25,19.0,50.42857142857143,11.928571428571429,1014.2857142857144
1517,2017-02-26,18.75,59.0,11.1125,1012.375
1518,2017-02-27,19.875,58.375,5.1000000000000005,1014.25
1519,2017-02-28,23.33333333333333,51.66666666666666,3.911111111111112,1013.1111111111112
1520,2017-03-01,24.46153846153846,47.92307692307692,6.415384615384617,1012.9230769230768
1521,2017-03-02,23.75,54.25,5.930000000000001,1012.15
1522,2017-03-03,20.5,42.5,7.4125,1010.625
1523,2017-03-04,19.125,43.125,8.350000000000001,1010.0
1524,2017-03-05,19.75,41.25,9.9625,1010.5
1525,2017-03-06,20.0,42.44444444444444,9.666666666666664,1010.3333333333334
1526,2017-03-07,22.625,41.5,6.025,1007.375
1527,2017-03-08,21.545454545454547,52.72727272727273,10.263636363636364,1008.9090909090908
1528,2017-03-09,20.785714285714285,69.07142857142857,8.342857142857143,1007.3571428571428
1529,2017-03-10,19.9375,67.75,11.4625,1006.875
1530,2017-03-11,18.53333333333333,60.4,5.566666666666666,1009.8
1531,2017-03-12,17.375,56.625,7.637499999999999,1014.75
1532,2017-03-13,17.444444444444443,49.333333333333336,9.055555555555554,1014.8888888888888
1533,2017-03-14,18.0,56.333333333333336,4.522222222222222,1016.5555555555557
1534,2017-03-15,19.875,54.75,7.175000000000001,1014.125
1535,2017-03-16,24.0,49.2,5.5600000000000005,1011.1
1536,2017-03-17,20.9,59.7,11.489999999999998,1010.7
1537,2017-03-18,24.692307692307693,46.30769230769231,7.123076923076924,1009.8461538461538
1538,2017-03-19,24.666666666666668,52.27777777777778,9.161111111111111,1011.8888888888888
1539,2017-03-20,23.33333333333333,54.66666666666666,10.077777777777778,1012.5555555555557
1540,2017-03-21,25.0,49.0,9.2625,1011.75
1541,2017-03-22,27.25,45.0,10.187500000000002,1009.75
1542,2017-03-23,28.0,49.75,3.4875000000000003,1008.875
1543,2017-03-24,28.916666666666668,37.66666666666666,10.033333333333337,1010.5833333333334
1544,2017-03-25,26.5,39.375,10.425,1009.875
1545,2017-03-26,29.1,37.1,17.59,1010.2
1546,2017-03-27,29.5,38.625,13.65,1009.5
1547,2017-03-28,29.88888888888889,40.66666666666666,8.844444444444445,1009.0
1548,2017-03-29,31.0,34.5,13.2,1007.125
1549,2017-03-30,29.285714285714285,36.85714285714285,10.585714285714284,1007.1428571428572
1550,2017-03-31,30.625,37.625,6.949999999999999,1007.5
1551,2017-04-01,31.375,35.125,9.0375,1005.0
1552,2017-04-02,29.75,33.75,9.2625,1004.25
1553,2017-04-03,30.5,29.75,6.9375,1004.25
1554,2017-04-04,30.933333333333334,31.866666666666667,14.32,1007.2
1555,2017-04-05,29.23076923076923,46.0,14.384615384615389,1005.0
1556,2017-04-06,31.22222222222222,26.0,13.577777777777776,1002.8888888888888
1557,2017-04-07,27.0,29.875,4.65,1007.375
1558,2017-04-08,25.625,29.375,8.337499999999999,1010.375
1559,2017-04-09,27.125,21.125,14.125,1010.625
1560,2017-04-10,27.857142857142858,19.428571428571427,19.314285714285717,1008.5714285714286
1561,2017-04-11,29.25,17.75,15.5125,1006.25
1562,2017-04-12,29.25,26.0,9.4875,1005.875
1563,2017-04-13,29.666666666666668,29.11111111111111,4.944444444444445,1006.7777777777778
1564,2017-04-14,30.5,37.625,1.3875000000000002,1004.625
1565,2017-04-15,31.22222222222222,30.444444444444443,5.966666666666667,1002.4444444444443
1566,2017-04-16,31.0,34.25,2.1,1003.25
1567,2017-04-17,32.55555555555556,38.44444444444444,5.366666666666666,1004.4444444444443
1568,2017-04-18,34.0,27.33333333333333,7.811111111111111,1003.1111111111112
1569,2017-04-19,33.5,24.125,9.025,1000.875
1570,2017-04-20,34.5,27.5,5.5625,998.625
1571,2017-04-21,34.25,39.375,6.9625,999.875
1572,2017-04-22,32.9,40.9,8.89,1001.6
1573,2017-04-23,32.875,27.5,9.9625,1002.125
1574,2017-04-24,32.0,27.142857142857142,12.157142857142858,1004.1428571428572
